종목코드,업종
018880,자동차부품
011780,화학
066570,전자제품
009150,전자장비와기기
009420,제약
030000,광고
069620,제약
020150,전자장비와기기
025860,화학
003030,철강
006120,석유와가스
003620,자동차
000240,자동차부품
004000,화학
011200,해운사
010140,조선
001130,식품
001230,철강
001440,전기장비
000810,손해보험
000720,건설
069960,백화점과일반상점
097230,건설
011170,화학
000140,음료
097950,식품
000120,항공화물운송과물류
086790,은행
086280,항공화물운송과물류
103590,전기장비
010130,비철금속
007690,화학
023530,백화점과일반상점
005090,에너지장비및서비스
013570,기계
004490,자동차부품
012630,건설
005300,음료
000480,비철금속
002960,화학
003000,제약
049770,식품
082740,조선
004150,종이와목재
012330,자동차부품
005380,자동차
004020,철강
020760,디스플레이패널
108670,건축자재
003920,식품
096770,석유와가스
028670,해운사
025540,자동차부품
016360,증권
003300,건축자재
005950,화학
004430,화학
105560,은행
138930,은행
017800,기계
090430,화장품
185750,제약
000430,자동차부품
016380,철강
007570,제약
035250,"호텔,레스토랑,레저"
025000,화학
051910,화학
115390,포장재
029780,카드
032830,생명보험
000070,화학
000660,반도체와반도체장비
003240,화학
005930,반도체와반도체장비
008060,전자장비와기기
042660,조선
000640,제약
001740,복합기업
128940,제약
006800,증권
004710,전자장비와기기
002790,화장품
007340,자동차부품
007860,자동차부품
088350,생명보험
011210,자동차부품
036570,게임엔터테인먼트
006400,전기제품
001430,철강
000700,항공화물운송과물류
055550,은행
004990,복합기업
005830,손해보험
000210,화학
009830,에너지장비및서비스
000080,음료
010780,건설
000270,자동차
002020,복합기업
073240,자동차부품
034220,디스플레이패널
093050,"섬유,의류,신발,호화품"
011070,전자장비와기기
009580,종이와목재
002350,자동차부품
010060,화학
005690,화학
017670,무선통신서비스
077970,조선
000670,핸드셋
028260,복합기업
003480,가스유틸리티
105630,"섬유,의류,신발,호화품"
033780,담배
000050,"섬유,의류,신발,호화품"
103140,비철금속
064960,자동차부품
004170,백화점과일반상점
120110,화학
052690,전기유틸리티
078520,화장품
005180,식품
008040,식품
020000,"섬유,의류,신발,호화품"
002240,철강
032640,무선통신서비스
035420,양방향미디어와서비스
004370,식품
012750,상업서비스와공급품
001520,건축자재
078930,석유와가스
001680,식품
042670,기계
093370,화학
006280,제약
069260,화학
010690,자동차부품
004800,복합기업
030200,다각화된통신서비스
003550,복합기업
006260,전기장비
009680,자동차부품
005850,자동차부품
001120,무역회사와판매업체
003490,항공사
019680,교육서비스
000150,복합기업
000880,복합기업
007310,식품
029530,사무용전자제품
051900,화장품
006360,건설
006380,화학
021240,가정용기기와용품
015760,전기유틸리티
104700,철강
036460,가스유틸리티
033920,음료
001800,식품
005490,철강
000100,제약
014830,화학
047050,무역회사와판매업체
047040,건설
002380,건축자재
011790,화학
011810,무역회사와판매업체
071050,증권
009540,조선
024110,은행
034120,방송과엔터테인먼트
034020,기계
005940,증권
000020,제약
000040,자동차
000180,종이와목재
000220,제약
000230,제약
000300,자동차부품
000320,건축자재
000370,손해보험
000390,건축자재
000400,손해보험
000490,기계
000500,전기장비
000520,제약
000540,손해보험
000590,철강
000650,도로와철도운송
000680,판매업체
000760,화학
000850,기계
000860,건축자재
000890,음료
000910,건축자재
000950,"섬유,의류,신발,호화품"
000970,철강
001020,종이와목재
001060,제약
001070,"섬유,의류,신발,호화품"
001080,철강
001140,항공화물운송과물류
001200,증권
001210,디스플레이장비및부품
001260,건설
001270,증권
001290,증권
001340,화학
001360,제약
001390,자동차
001420,자동차부품
001450,손해보험
001460,"섬유,의류,신발,호화품"
001470,건설
001500,증권
001510,증권
001530,"섬유,의류,신발,호화품"
001550,화학
001560,비철금속
001570,화학
001720,증권
001750,증권
001780,비철금속
001790,식품
001820,전기제품
002030,종이와목재
002070,"섬유,의류,신발,호화품"
002100,화학
002140,식품
002150,건설
002170,"섬유,의류,신발,호화품"
002210,제약
002220,철강
002310,포장재
002320,항공화물운송과물류
002360,화학
002390,제약
002410,건설
002420,전문소매
002450,레저용장비와제품
002460,건설
002600,식품
002630,생물공학
002700,가정용기기와용품
002710,철강
002720,제약
002760,식품
002780,건설
002810,화학
002820,종이와목재
002840,화학
002880,자동차부품
002900,기계
002920,자동차부품
002990,건설
003010,기계
003070,건설
003080,화학
003090,제약
003160,반도체와반도체장비
003200,"섬유,의류,신발,호화품"
003220,제약
003230,식품
003280,해운사
003350,화장품
003460,증권
003470,증권
003520,제약
003530,증권
003540,증권
003560,방송과엔터테인먼트
003580,식품
003610,"섬유,의류,신발,호화품"
003650,화학
003680,식품
003690,손해보험
003720,화학
003780,화학
003830,화학
003850,제약
003960,식품
004060,"섬유,의류,신발,호화품"
004080,건강관리장비와용품
004090,화학
004100,자동차부품
004140,항공화물운송과물류
004250,포장재
004270,전자장비와기기
004310,제약
004360,항공화물운송과물류
004380,기계
004410,식품
004450,포장재
004540,종이와목재
004560,비철금속
004690,가스유틸리티
004700,"섬유,의류,신발,호화품"
004720,제약
004770,전자장비와기기
004830,"섬유,의류,신발,호화품"
004840,자동차부품
004870,건축자재
004890,철강
004910,건축자재
004920,컴퓨터와주변기기
004960,건설
004970,식품
004980,건축자재
005010,철강
005030,자동차부품
005070,화학
005110,상업서비스와공급품
005250,제약
005360,문구류
005390,"섬유,의류,신발,호화품"
005420,화학
005430,운송인프라
453340,식품
005500,제약
005610,식품
005680,전기제품
005720,자동차부품
005740,식품
005750,건축제품
005800,"섬유,의류,신발,호화품"
005810,비철금속
005820,포장재
005870,우주항공과국방
005880,해운사
005960,건설
006040,식품
006060,"섬유,의류,신발,호화품"
006090,식품
006110,비철금속
006200,반도체와반도체장비
006220,은행
006340,전기장비
006370,백화점과일반상점
006490,다각화된통신서비스
006570,건축제품
006660,자동차부품
006740,종이와목재
006890,화학
006980,식품
007070,백화점과일반상점
007110,건축자재
007120,IT서비스
007160,식품
007210,건축자재
007280,철강
007540,식품
007590,화학
007610,전기장비
007660,전자장비와기기
007700,"섬유,의류,신발,호화품"
007810,전자장비와기기
008110,전자장비와기기
008250,건축자재
008260,건축자재
008350,비철금속
008420,철강
008500,자동차부품
008600,"섬유,의류,신발,호화품"
008700,전자제품
008730,포장재
008770,백화점과일반상점
008870,포장재
008930,제약
008970,철강
009070,항공화물운송과물류
009140,전자제품
009180,항공화물운송과물류
009190,비철금속
009200,종이와목재
009240,가구
009270,"섬유,의류,신발,호화품"
009290,제약
009310,디스플레이장비및부품
009410,건설
009440,기계
009450,가정용기기와용품
009460,포장재
009470,전기제품
009770,가정용품
009970,"섬유,의류,신발,호화품"
010040,비철금속
010100,자동차부품
010420,종이와목재
010580,자동차부품
010600,해운사
010640,화학
010660,기계
010770,자동차부품
010820,우주항공과국방
010960,건설
011000,생물공학
011090,가구
011150,식품
011230,전자장비와기기
011280,포장재
011330,"섬유,의류,신발,호화품"
011390,건축자재
011500,화학
011690,디스플레이장비및부품
011700,기계
011760,무역회사와판매업체
011930,반도체와반도체장비
012030,IT서비스
012170,방송과엔터테인먼트
012200,자동차부품
012280,자동차부품
012510,소프트웨어
012610,화학
012690,가정용품
012800,비철금속
013000,판매업체
013360,건설
013520,자동차부품
013580,건설
013700,건설
013870,자동차부품
014130,항공화물운송과물류
014160,포장재
014280,건축제품
014440,화학
014530,석유와가스
014580,비철금속
014680,화학
014710,식품
014820,포장재
014910,전기제품
014990,"섬유,의류,신발,호화품"
015020,부동산
015230,기계
015260,전자장비와기기
015590,기계
015860,전기장비
015890,비철금속
016090,"섬유,의류,신발,호화품"
016450,"섬유,의류,신발,호화품"
016580,제약
016590,포장재
016610,증권
016710,가스유틸리티
016800,가구
016880,출판
017040,전기장비
017180,제약
017370,자동차부품
017390,가스유틸리티
017550,기계
017900,전자장비와기기
017940,가스유틸리티
017960,조선
018470,비철금속
018500,자동차부품
018670,가스유틸리티
019170,제약
019180,자동차부품
019440,철강
019490,통신장비
020120,양방향미디어와서비스
020560,항공사
021050,비철금속
021820,자동차부품
023000,자동차부품
023150,음료
023350,건설
023450,화학
023590,증권
023800,자동차부품
023810,자동차부품
023960,건설
024090,비철금속
024890,"섬유,의류,신발,호화품"
024900,자동차부품
025530,자동차부품
025560,반도체와반도체장비
025620,화장품
025750,건축자재
025820,비철금속
025890,철강
026890,창업투자
026940,철강
027740,식품
028100,건설
029460,반도체와반도체장비
030210,증권
030610,증권
030720,식품
031430,"섬유,의류,신발,호화품"
031440,"호텔,레스토랑,레저"
031820,IT서비스
032350,"호텔,레스토랑,레저"
032560,비철금속
033180,전기제품
033240,통신장비
033250,자동차부품
033270,제약
034300,건설
034310,IT서비스
034590,가스유틸리티
035150,"섬유,의류,신발,호화품"
036530,자동차부품
036580,식품
037270,방송과엔터테인먼트
037560,방송과엔터테인먼트
037710,백화점과일반상점
039130,"호텔,레스토랑,레저"
039490,증권
041650,자동차부품
042700,반도체와반도체장비
044380,컴퓨터와주변기기
044450,해운사
192820,화장품
192820,화장품
047400,자동차부품
047810,우주항공과국방
049800,기계
051600,전기유틸리티
051630,화학
053210,방송과엔터테인먼트
053690,건설
057050,인터넷과카탈로그소매
058430,비철금속
058650,철강
058730,건축자재
058850,상업서비스와공급품
063160,제약
067830,백화점과일반상점
068290,출판
069460,비철금속
069640,"섬유,의류,신발,호화품"
069730,철강
071090,철강
071320,복합유틸리티
071840,
071950,가구
071970,조선
072130,IT서비스
072710,식품
074610,기계
075180,자동차부품
077500,반도체와반도체장비
078000,소프트웨어
079160,방송과엔터테인먼트
079430,가구
079980,"섬유,의류,신발,호화품"
081000,비철금속
081660,"섬유,의류,신발,호화품"
082640,생명보험
083420,화학
084010,철강
084670,도로와철도운송
084680,"섬유,의류,신발,호화품"
084690,식품
085310,기계
088790,"섬유,의류,신발,호화품"
089470,자동차부품
090080,자동차부품
090350,건축자재
090370,상업서비스와공급품
091090,석유와가스
092200,자동차부품
092220,반도체와반도체장비
092230,화학
092440,기계
093230,석유와가스
093240,"섬유,의류,신발,호화품"
094280,상업서비스와공급품
095720,교육서비스
096760,제약
100220,교육서비스
100250,화학
100840,기계
101140,전자장비와기기
102280,"섬유,의류,신발,호화품"
102460,제약
105840,기계
268280,화학
268280,화학
111770,"섬유,의류,신발,호화품"
114090,"호텔,레스토랑,레저"
117580,가스유틸리티
119650,상업서비스와공급품
120030,철강
122900,상업서비스와공급품
123690,화장품
128820,석유와가스
129260,해운사
130660,전기유틸리티
134380,화학
134790,가구
136490,식품
138040,증권
139130,은행
139480,백화점과일반상점
145990,식품
155660,비철금속
161000,화학
161390,자동차부품
161890,화장품
163560,자동차부품
170900,제약
175330,은행
180640,항공사
181710,IT서비스
183190,건축자재
006880,식품과기본식료품소매
064350,기계
001630,제약
133820,철강
192400,가정용기기와용품
027410,화학
192820,화장품
192820,화장품
200880,자동차부품
204320,자동차부품
112610,에너지장비및서비스
213500,종이와목재
145210,자동차부품
210980,부동산
214390,제약
085620,생명보험
214420,화장품
214320,광고
002690,철강
039570,건설
079550,우주항공과국방
095570,도로와철도운송
089590,항공사
227840,식품과기본식료품소매
214330,자동차부품
075580,조선
226320,화장품
194370,"섬유,의류,신발,호화품"
004440,건축자재
003670,화학
022100,IT서비스
026960,식품
030190,상업서비스와공급품
034230,"호텔,레스토랑,레저"
034830,부동산
035720,양방향미디어와서비스
036420,방송과엔터테인먼트
066970,전기제품
068270,제약
090460,전자장비와기기
100090,건설
108320,디스플레이장비및부품
178920,화학
192080,게임엔터테인먼트
195870,반도체와반도체장비
123890,부동산
016740,자동차부품
248170,식품
249420,제약
229640,전기장비
241590,"섬유,의류,신발,호화품"
101530,식품
210540,기계
234080,제약
207940,제약
241560,기계
143210,자동차부품
111110,"섬유,의류,신발,호화품"
145720,건강관리장비와용품
264900,식품
267250,석유와가스
267260,전기장비
267270,기계
251270,게임엔터테인먼트
267290,가스유틸리티
268280,화학
268280,화학
271560,식품
271980,제약
055490,화학
272550,포장재
092780,자동차부품
272450,항공사
281820,반도체와반도체장비
282330,백화점과일반상점
285130,화학
284740,가정용기기와용품
018250,화장품
091810,항공사
294870,건설
298000,화학
298020,"섬유,의류,신발,호화품"
298040,전기장비
293480,제약
010400,건설
267850,IT서비스
298690,항공사
280360,식품
192650,핸드셋
307950,IT서비스
316140,은행
300720,건축자재
013890,가구
317400,건설
272210,우주항공과국방
322000,에너지장비및서비스
308170,자동차부품
336260,전기제품
336370,전자장비와기기
353200,전자장비와기기
352820,방송과엔터테인먼트
339770,식품
244920,손해보험
363280,방송과엔터테인먼트
306200,철강
009900,자동차부품
375500,건설
248070,전자장비와기기
383800,복합기업
097520,핸드셋
137310,건강관리장비와용품
383220,"섬유,의류,신발,호화품"
378850,자동차부품
323410,은행
259960,게임엔터테인먼트
372910,건강관리장비와용품
089860,도로와철도운송
139990,철강
271940,자동차부품
329180,조선
381970,자동차
377300,IT서비스
402340,반도체와반도체장비
126720,에너지장비및서비스
403550,도로와철도운송
446070,건축자재
377740,건강관리장비와용품
450140,자동차
452260,백화점과일반상점
456040,화학
457190,화학
460850,철강
462520,비철금속
092790,철강
465770,해운사
454910,기계
111380,"섬유,의류,신발,호화품"
017860,화학
278470,화장품
443060,조선
462870,게임엔터테인먼트
062040,전기장비
079900,기계
475560,"호텔,레스토랑,레저"
047770,"섬유,의류,신발,호화품"
066430,화학
000250,제약
000440,석유와가스
001000,핸드셋
001540,제약
001810,종이와목재
001840,건설
002230,전기제품
003100,운송인프라
003310,식품
003800,가구
004590,식품과기본식료품소매
004650,음료
004780,포장재
005160,철강
005290,반도체와반도체장비
005670,식품
005710,자동차부품
005860,식품
267980,식품
267980,식품
006730,"호텔,레스토랑,레저"
002290,건설
002680,식품
006050,건축제품
006140,건강관리장비와용품
006910,전기장비
006920,건축자재
007330,기타금융
007370,제약
007820,기계
010470,광고
007720,판매업체
008370,화학
008470,기계
008830,기계
009300,제약
009620,비철금속
009780,식품
010280,IT서비스
011040,제약
011080,"섬유,의류,신발,호화품"
007390,생물공학
007770,화학
008290,"섬유,의류,신발,호화품"
010170,통신장비
010240,기계
012790,제약
013030,기계
013120,건설
013310,자동차부품
013720,자동차부품
011320,자동차부품
011370,건설
011560,건설
012340,전기제품
012700,석유와가스
012860,자동차부품
012620,철강
013810,건설
014190,화학
014200,기계
014570,제약
014940,조선
014970,포장재
013990,"섬유,의류,신발,호화품"
014470,가정용기기와용품
014620,기계
015710,통신장비
015750,자동차부품
016100,포장재
016600,창업투자
016670,소프트웨어
016920,전자장비와기기
017000,건설
017250,전자장비와기기
017480,철강
017510,전기장비
017650,포장재
017890,화학
018000,에너지장비및서비스
018120,음료
018290,화장품
018310,건축제품
018620,제약
018680,제약
018700,화장품
019010,백화점과일반상점
019210,기계
019540,자동차부품
019550,창업투자
019570,창업투자
019590,창업투자
019660,화장품
019770,자동차부품
019990,기계
020180,IT서비스
020400,자동차부품
020710,"호텔,레스토랑,레저"
021040,철강
021080,창업투자
021320,건설
021650,자동차부품
021880,기타금융
022220,건축제품
023160,기계
023410,건축자재
023460,자동차
023600,포장재
023760,기타금융
023770,게임엔터테인먼트
023790,철강
023900,화학
023910,제약
024060,석유와가스
024120,자동차부품
024740,자동차부품
024800,도로와철도운송
024830,자동차부품
024840,전기장비
024850,반도체와반도체장비
024880,기계
024910,자동차부품
024940,가정용기기와용품
024950,레저용장비와제품
025320,핸드셋
025440,자동차부품
025550,철강
025770,IT서비스
025870,식품
025880,식품
025900,건축자재
025950,건설
025980,"호텔,레스토랑,레저"
026040,"섬유,의류,신발,호화품"
026150,건설
026910,철강
027040,전자장비와기기
027050,화장품
027580,화학
027710,식품
027830,창업투자
028080,전자제품
028300,건강관리장비와용품
029480,전기제품
029960,상업서비스와공급품
030350,게임엔터테인먼트
030520,소프트웨어
030530,반도체와반도체장비
030960,상업서비스와공급품
031310,통신장비
031330,전자장비와기기
031510,자동차부품
031860,컴퓨터와주변기기
032080,"섬유,의류,신발,호화품"
032190,증권
032280,항공화물운송과물류
032500,통신장비
032540,전자제품
032580,반도체와반도체장비
032620,건강관리기술
032680,IT서비스
032750,전자제품
032790,컴퓨터와주변기기
032800,방송과엔터테인먼트
032850,건강관리기술
032940,화장품
032960,전자장비와기기
032980,석유와가스
033050,상업서비스와공급품
033100,전기장비
033130,IT서비스
033160,반도체와반도체장비
033170,반도체와반도체장비
033200,전자장비와기기
033230,통신장비
033290,항공화물운송과물류
033310,자동차부품
033320,컴퓨터와주변기기
033340,"섬유,의류,신발,호화품"
033500,화학
033540,기계
033560,핸드셋
033640,반도체와반도체장비
033830,방송과엔터테인먼트
034810,종이와목재
034940,제약
034950,상업서비스와공급품
035080,인터넷과카탈로그소매
035200,건축제품
035290,교육서비스
035460,통신장비
035600,IT서비스
035610,건강관리기술
035620,방송과엔터테인먼트
035810,식품
035890,건설
036000,출판
036010,전기제품
036030,인터넷과카탈로그소매
036090,디스플레이장비및부품
036120,상업서비스와공급품
036170,디스플레이장비및부품
036180,생명과학도구및서비스
036190,건설
036200,반도체와반도체장비
036480,제약
036540,반도체와반도체장비
036560,기계
036620,"섬유,의류,신발,호화품"
036630,다각화된통신서비스
036640,화학
036710,전자장비와기기
036800,상업서비스와공급품
037330,디스플레이장비및부품
037350,건설
037370,비철금속
037440,건설
037760,비철금속
038010,건축제품
038060,디스플레이장비및부품
038070,생물공학
036670,화학
036690,통신장비
036810,반도체와반도체장비
036890,기계
037070,가정용기기와용품
037230,포장재
037460,통신장비
037950,핸드셋
038110,자동차부품
038290,생명과학도구및서비스
038340,전기제품
038390,도로와철도운송
038460,전자장비와기기
038500,건축자재
038530,건강관리업체및서비스
038620,전문소매
038680,IT서비스
038870,에너지장비및서비스
038880,자동차부품
038950,전자제품
039020,건축자재
039200,생물공학
039240,철강
039290,IT서비스
039310,소프트웨어
039340,방송과엔터테인먼트
039420,IT서비스
039440,반도체와반도체장비
039560,통신장비
039610,기계
039740,판매업체
039830,레저용장비와제품
039840,건강관리장비와용품
039860,생명과학도구및서비스
039980,IT서비스
040160,소프트웨어
040300,방송과엔터테인먼트
040350,IT서비스
040420,교육서비스
040610,운송인프라
040910,디스플레이장비및부품
041020,자동차부품
041190,창업투자
041440,기계
041460,IT서비스
041510,방송과엔터테인먼트
041590,건설
041830,건강관리장비와용품
041910,제약
041920,건강관리장비와용품
041930,자동차부품
041960,제약
042040,화학
042110,전기제품
042370,전기장비
042420,게임엔터테인먼트
042500,IT서비스
042510,소프트웨어
042520,건강관리장비와용품
042600,가정용기기와용품
043090,판매업체
043150,건강관리장비와용품
043200,에너지장비및서비스
043260,전기제품
043340,기계
043360,컴퓨터와주변기기
043370,자동차부품
043590,전기제품
043610,방송과엔터테인먼트
043650,음료
043710,건강관리업체및서비스
043910,상업서비스와공급품
044060,기계
044340,가정용기기와용품
044480,제약
044490,에너지장비및서비스
044780,기계
044960,제약
045060,화학
045100,건설
045300,반도체와반도체장비
045340,운송인프라
045390,IT서비스
045510,IT서비스
045520,자동차부품
045660,컴퓨터와주변기기
045970,핸드셋
046070,자동차부품
046120,에너지장비및서비스
046310,전자장비와기기
046390,방송과엔터테인먼트
046440,IT서비스
046940,건설
046970,컴퓨터와주변기기
047080,게임엔터테인먼트
047310,핸드셋
047560,소프트웨어
047820,방송과엔터테인먼트
048410,화장품
048430,자동차부품
048470,철강
048530,생명과학도구및서비스
048550,광고
048770,기계
048830,화학
048870,건강관리장비와용품
048910,방송과엔터테인먼트
049070,핸드셋
049080,통신장비
049120,디스플레이장비및부품
049180,건설
049430,기계
049470,소프트웨어
049480,컴퓨터와주변기기
049520,핸드셋
049550,컴퓨터와주변기기
049630,핸드셋
049720,상업서비스와공급품
049830,포장재
049950,디스플레이장비및부품
049960,생물공학
050090,광고
050110,핸드셋
050120,레저용장비와제품
050760,화학
050860,기계
050890,통신장비
051160,식품과기본식료품소매
051360,디스플레이장비및부품
051370,전자장비와기기
051380,컴퓨터와주변기기
051390,판매업체
051490,기계
051500,식품과기본식료품소매
051780,식품
051980,통신장비
052020,전자장비와기기
052220,방송과엔터테인먼트
052260,화장품
052300,건축제품
052330,디스플레이패널
052400,IT서비스
052420,디스플레이장비및부품
052460,통신장비
052600,IT서비스
052670,제약
052710,핸드셋
052770,건강관리장비와용품
052790,게임엔터테인먼트
052860,반도체와반도체장비
052900,반도체와반도체장비
053030,제약
053050,가스유틸리티
053060,자동차부품
053160,기계
053260,철강
053270,자동차부품
053280,인터넷과카탈로그소매
053290,교육서비스
053300,IT서비스
053350,소프트웨어
053450,전자장비와기기
053610,반도체와반도체장비
053620,가정용품
053700,자동차부품
053800,소프트웨어
053950,제약
053980,소프트웨어
054040,디스플레이장비및부품
054050,생물공학
054090,전자장비와기기
054180,조선
054210,핸드셋
054220,IT서비스
054300,해운사
054410,비철금속
054450,반도체와반도체장비
054540,조선
054630,전자제품
054670,제약
054780,방송과엔터테인먼트
054800,컴퓨터와주변기기
054920,소프트웨어
054930,건설
054940,반도체와반도체장비
054950,건강관리장비와용품
056080,기계
056090,건강관리장비와용품
056360,통신장비
056700,디스플레이장비및부품
056730,건설
057030,교육서비스
057540,전자장비와기기
057680,IT서비스
058110,건강관리장비와용품
058400,방송과엔터테인먼트
058610,전기제품
058630,게임엔터테인먼트
058820,제약
059090,반도체와반도체장비
059100,디스플레이장비및부품
059120,반도체와반도체장비
059210,건강관리장비와용품
060150,상업서비스와공급품
060230,전자장비와기기
060260,건축제품
060280,판매업체
060310,기계
060370,건설
060380,철강
060480,비철금속
060540,핸드셋
060560,건축자재
060570,방송과엔터테인먼트
060590,제약
060720,핸드셋
061040,핸드셋
061250,제약
063080,게임엔터테인먼트
063170,판매업체
063440,방송과엔터테인먼트
063570,IT서비스
064090,판매업체
064240,핸드셋
064260,IT서비스
064290,반도체와반도체장비
064480,IT서비스
064520,반도체와반도체장비
064550,생물공학
064820,증권
065060,"섬유,의류,신발,호화품"
065130,핸드셋
065150,식품
065170,제약
065350,가정용기기와용품
065420,석유와가스
065440,IT서비스
065450,우주항공과국방
065500,자동차부품
065510,건강관리장비와용품
065570,조선
065650,컴퓨터와주변기기
065680,핸드셋
065690,컴퓨터와주변기기
065710,운송인프라
065530,무선통신서비스
065660,제약
065770,통신장비
065950,건설
066310,반도체와반도체장비
066590,자동차부품
066620,건설
066700,제약
066790,방송과엔터테인먼트
066900,전자장비와기기
066910,레저용장비와제품
066980,건설
067000,게임엔터테인먼트
067010,IT서비스
067080,제약
067170,가정용기기와용품
067280,교육서비스
067290,제약
067310,반도체와반도체장비
066130,가정용기기와용품
066410,IT서비스
067390,우주항공과국방
067570,자동차부품
067730,IT서비스
067770,디스플레이장비및부품
067900,해운사
067990,자동차
068050,방송과엔터테인먼트
068240,기계
068330,생명과학도구및서비스
068760,제약
068790,디스플레이장비및부품
068930,교육서비스
069140,상업서비스와공급품
069330,디스플레이장비및부품
069410,IT서비스
069510,전자장비와기기
069920,인터넷과카탈로그소매
070300,핸드셋
070590,IT서비스
071200,건강관리기술
071280,반도체와반도체장비
071670,기계
071850,자동차부품
072020,제약
215360,자동차부품
215360,자동차부품
072520,제약
072770,IT서비스
072870,교육서비스
072950,전자장비와기기
073010,조선
073110,디스플레이장비및부품
073190,가구
073490,통신장비
073540,통신장비
073640,기계
074430,제약
075130,소프트웨어
075970,비철금속
076080,건설
076610,핸드셋
077360,반도체와반도체장비
078070,통신장비
078130,종이와목재
078140,제약
078150,디스플레이장비및부품
078160,생물공학
078350,반도체와반도체장비
078590,자동차부품
078600,전자장비와기기
078940,자동차부품
079000,건축제품
079170,비철금속
079190,핸드셋
079370,반도체와반도체장비
079650,건축자재
079810,전기제품
079940,IT서비스
079950,디스플레이장비및부품
079960,전기제품
079970,소프트웨어
080000,디스플레이장비및부품
080010,다각화된소비자서비스
080160,"호텔,레스토랑,레저"
080220,반도체와반도체장비
080420,전문소매
080470,자동차부품
080520,반도체와반도체장비
080530,화장품
080580,반도체와반도체장비
081150,비철금속
081580,핸드셋
082210,전자장비와기기
082270,반도체와반도체장비
082660,화장품
082850,디스플레이장비및부품
082920,전기제품
083310,반도체와반도체장비
083450,반도체와반도체장비
083470,디스플레이장비및부품
083550,"섬유,의류,신발,호화품"
083640,전자장비와기기
083650,에너지장비및서비스
083660,화장품
083930,전기제품
084370,반도체와반도체장비
084650,생명과학도구및서비스
084730,전자제품
084990,생물공학
085660,건강관리업체및서비스
085670,전자장비와기기
085810,소프트웨어
085910,자동차부품
086040,생명과학도구및서비스
086060,제약
086390,반도체와반도체장비
086520,화학
086670,기계
086890,제약
086900,생물공학
086980,방송과엔터테인먼트
087010,생물공학
087600,반도체와반도체장비
088130,디스플레이장비및부품
088290,자동차부품
088390,레저용장비와제품
088800,통신장비
088910,식품
089010,화학
089030,반도체와반도체장비
089150,컴퓨터와주변기기
089230,양방향미디어와서비스
089600,광고
089790,반도체와반도체장비
089850,전자제품
089890,반도체와반도체장비
089980,전자장비와기기
090150,자동차부품
090360,기계
090410,건축제품
090470,디스플레이장비및부품
090710,기계
090850,상업서비스와공급품
091120,핸드셋
091340,전자장비와기기
091440,통신장비
091580,전기제품
091590,건설
091970,화학
092040,생물공학
092070,반도체와반도체장비
092130,상업서비스와공급품
092300,전자장비와기기
092460,조선
092600,전자제품
092730,화장품
092870,반도체와반도체장비
093190,컴퓨터와주변기기
093320,IT서비스
093380,자동차부품
093520,반도체와반도체장비
093640,반도체와반도체장비
093920,핸드셋
094170,반도체와반도체장비
094360,반도체와반도체장비
094480,IT서비스
094820,건설
094840,전자장비와기기
094850,"호텔,레스토랑,레저"
094860,게임엔터테인먼트
094940,컴퓨터와주변기기
094970,디스플레이장비및부품
095190,기계
095270,통신장비
095340,반도체와반도체장비
095500,디스플레이장비및부품
095610,반도체와반도체장비
095700,생물공학
095910,에너지장비및서비스
096240,교육서비스
096530,생명과학도구및서비스
096610,반도체와반도체장비
096630,핸드셋
096690,컴퓨터와주변기기
096870,디스플레이장비및부품
097800,반도체와반도체장비
095660,게임엔터테인먼트
096350,
097870,화학
098120,반도체와반도체장비
098460,전자장비와기기
098660,"섬유,의류,신발,호화품"
099190,건강관리장비와용품
099220,에너지장비및서비스
099320,우주항공과국방
099410,조선
099440,기계
100030,소프트웨어
100120,건강관리장비와용품
100130,철강
100660,기계
100700,건강관리장비와용품
101000,조선
101160,반도체와반도체장비
101170,기계
101240,화학
101330,자동차부품
101390,핸드셋
101400,반도체와반도체장비
101490,반도체와반도체장비
101670,건설
101680,기계
101730,게임엔터테인먼트
101930,조선
102120,반도체와반도체장비
102710,반도체와반도체장비
102940,제약
104040,자동차부품
104200,방송과엔터테인먼트
104460,기계
104480,화학
104540,건강관리장비와용품
104830,화학
105330,반도체와반도체장비
105550,자동차부품
105740,기계
106080,핸드셋
106190,제약
106240,디스플레이장비및부품
106520,전자장비와기기
108230,디스플레이장비및부품
108380,조선
108860,건강관리장비와용품
109080,통신장비
109610,건축자재
109740,전자장비와기기
109820,생물공학
109860,기계
112040,게임엔터테인먼트
114190,전자장비와기기
114630,"섬유,의류,신발,호화품"
115440,통신장비
115450,건강관리장비와용품
115480,건강관리장비와용품
115500,IT서비스
119610,건강관리장비와용품
115530,디스플레이장비및부품
115610,핸드셋
113810,자동차부품
115160,전자제품
115180,제약
115570,화학
117670,반도체와반도체장비
119500,기계
114450,제약
115310,IT서비스
119850,전기장비
120240,화학
121440,레저용장비와제품
121600,화학
121800,디스플레이패널
122350,자동차부품
122450,방송과엔터테인먼트
121850,디스플레이장비및부품
121890,운송인프라
122640,반도체와반도체장비
122690,자동차부품
122990,핸드셋
123040,자동차부품
123330,화장품
123410,자동차부품
123420,게임엔터테인먼트
123570,광고
123840,핸드셋
123860,디스플레이장비및부품
124500,비철금속
126600,자동차부품
126640,자동차부품
126700,핸드셋
127120,생명과학도구및서비스
127710,출판
128660,비철금속
130500,자동차부품
130580,상업서비스와공급품
130740,자동차부품
131030,제약
131090,소프트웨어
131100,방송과엔터테인먼트
131180,컴퓨터와주변기기
131220,생명과학도구및서비스
131290,반도체와반도체장비
131370,소프트웨어
131400,전자장비와기기
131760,디스플레이장비및부품
133750,교육서비스
134060,교육서비스
134580,양방향미디어와서비스
136480,식품
136540,소프트웨어
137940,디스플레이장비및부품
137950,에너지장비및서비스
138070,기계
138080,통신장비
138360,기계
138610,건강관리장비와용품
139050,IT서비스
139670,소프트웨어
140410,식품
140520,철강
140860,전자장비와기기
141000,디스플레이장비및부품
142210,반도체와반도체장비
142280,건강관리장비와용품
143160,전자장비와기기
143540,디스플레이장비및부품
147830,전기장비
149950,디스플레이장비및부품
149980,건강관리장비와용품
150840,건강관리장비와용품
150900,소프트웨어
153460,소프트웨어
153490,디스플레이장비및부품
155650,디스플레이장비및부품
159580,화장품
159910,화장품
160550,방송과엔터테인먼트
160980,반도체와반도체장비
168330,화장품
170030,자동차부품
170920,반도체와반도체장비
171010,반도체와반도체장비
171120,건축자재
173940,방송과엔터테인먼트
177350,디스플레이장비및부품
177830,비철금속
180400,생명과학도구및서비스
182360,방송과엔터테인먼트
182400,생명과학도구및서비스
184230,소프트웨어
185490,생물공학
187220,전자장비와기기
187270,전기제품
187420,생물공학
187790,화학
189690,소프트웨어
189860,전기장비
189980,음료
190510,핸드셋
191410,화학
191420,생물공학
192250,소프트웨어
192390,건축제품
192410,통신장비
192440,핸드셋
194480,게임엔터테인먼트
195990,기계
196490,전기제품
196700,화학
198440,건축자재
200230,제약
200470,반도체와반도체장비
203650,상업서비스와공급품
205470,생명과학도구및서비스
206560,방송과엔터테인먼트
206640,생명과학도구및서비스
200670,제약
200710,반도체와반도체장비
200780,제약
204620,기타금융
205100,소프트웨어
205500,게임엔터테인먼트
204630,방송과엔터테인먼트
208140,식품
207760,양방향미디어와서비스
208350,소프트웨어
212560,자동차부품
214180,IT서비스
208640,게임엔터테인먼트
208710,핸드셋
211270,통신장비
214370,생물공학
214430,우주항공과국방
215380,생명과학도구및서비스
214680,건강관리장비와용품
215090,우주항공과국방
215100,교육서비스
215360,자동차부품
215360,자동차부품
215480,"섬유,의류,신발,호화품"
215790,통신장비
217190,반도체와반도체장비
217500,반도체와반도체장비
217730,생물공학
217820,전기제품
218150,식품
218410,통신장비
219130,반도체와반도체장비
220260,화학
221840,우주항공과국방
221980,화학
222040,제약
222080,전기제품
222110,생물공학
222420,화학
222810,비철금속
222980,식품
223310,식품과기본식료품소매
224060,반도체와반도체장비
225430,가정용품
225570,게임엔터테인먼트
226340,화장품
227950,반도체와반도체장비
228340,건축자재
225530,건축자재
225590,"섬유,의류,신발,호화품"
226360,건설
226440,전기제품
230240,통신장비
230980,우주항공과국방
228850,건강관리장비와용품
236200,전자장비와기기
232140,반도체와반도체장비
073560,식품
208860,자동차부품
230360,"섬유,의류,신발,호화품"
234920,가정용기기와용품
242040,IT서비스
144510,건강관리업체및서비스
250060,생명과학도구및서비스
241690,자동차부품
250930,디스플레이장비및부품
204840,제약
214270,양방향미디어와서비스
024810,전기장비
032820,우주항공과국방
038540,은행
043220,기계
050960,IT서비스
071460,가정용기기와용품
096040,IT서비스
123010,핸드셋
142760,제약
148250,통신장비
170790,통신장비
174880,핸드셋
193250,핸드셋
201490,게임엔터테인먼트
208370,건강관리장비와용품
217270,게임엔터테인먼트
237750,전기장비
238090,핸드셋
239340,양방향미디어와서비스
072990,전자장비와기기
189300,통신장비
216050,광고
238120,생명과학도구및서비스
239610,제약
241710,화장품
252500,화장품
237880,화장품
144960,반도체와반도체장비
156100,건강관리장비와용품
220180,소프트웨어
196300,생물공학
215600,생물공학
220100,제약
241790,반도체와반도체장비
254120,전자장비와기기
147760,반도체와반도체장비
241520,창업투자
246690,창업투자
256840,건강관리장비와용품
140070,반도체와반도체장비
206650,생물공학
002800,제약
083500,디스플레이장비및부품
087260,자동차부품
241820,생명과학도구및서비스
217480,화장품
246720,건강관리장비와용품
178320,전기제품
263770,철강
264450,통신장비
063760,디스플레이장비및부품
064850,IT서비스
067370,생물공학
084440,교육서비스
101360,화학
107640,자동차부품
126340,전기장비
154030,생물공학
183490,제약
186230,건설
189330,IT서비스
197140,소프트웨어
199800,생물공학
219420,소프트웨어
225220,건강관리장비와용품
226400,건강관리장비와용품
228760,건강관리장비와용품
229000,건강관리장비와용품
232680,반도체와반도체장비
232830,IT서비스
246250,제약
253840,건강관리장비와용품
256940,비철금속
265520,디스플레이장비및부품
256630,디스플레이장비및부품
161580,전자장비와기기
264850,전자장비와기기
267980,식품
267980,식품
250000,식품과기본식료품소매
267320,전기제품
261200,건강관리장비와용품
251630,전자장비와기기
227610,화장품
238490,디스플레이장비및부품
263720,출판
263860,소프트웨어
118990,자동차부품
263800,IT서비스
273060,광고
140670,기계
258610,핸드셋
263600,핸드셋
174900,생물공학
259630,전기제품
171090,디스플레이장비및부품
243840,전기제품
179900,핸드셋
263920,포장재
277410,식품
255440,디스플레이장비및부품
263810,전자장비와기기
265560,자동차부품
277880,전자장비와기기
279600,소프트웨어
138580,IT서비스
007680,건설
066360,식품
234300,IT서비스
241770,반도체와반도체장비
281740,화학
187870,디스플레이장비및부품
269620,전자장비와기기
255220,건축자재
264660,반도체와반도체장비
032860,철강
060900,에너지장비및서비스
203450,전자장비와기기
251370,화학
258790,소프트웨어
267790,"섬유,의류,신발,호화품"
260660,제약
006620,제약
042000,IT서비스
277070,창업투자
263700,건강관리업체및서비스
065370,소프트웨어
253590,반도체와반도체장비
122310,건강관리장비와용품
258830,건강관리장비와용품
037030,전기제품
284620,제약
289080,창업투자
175250,제약
297570,전자제품
204020,"섬유,의류,신발,호화품"
080720,제약
290270,소프트웨어
275630,소프트웨어
110990,디스플레이장비및부품
290380,화학
086820,생물공학
089970,반도체와반도체장비
173130,IT서비스
303030,반도체와반도체장비
110790,"섬유,의류,신발,호화품"
257370,전기제품
291230,광고
290720,식품
293580,창업투자
288620,전기제품
108490,기계
153710,제약
306620,반도체와반도체장비
100790,창업투자
099750,건강관리기술
125210,화학
317240,가정용품
319400,운송인프라
323350,반도체와반도체장비
307930,창업투자
321260,디스플레이장비및부품
322780,방송과엔터테인먼트
305090,건강관리장비와용품
308100,"섬유,의류,신발,호화품"
293780,제약
323230,"섬유,의류,신발,호화품"
234340,IT서비스
289010,교육서비스
268600,생물공학
241840,방송과엔터테인먼트
317330,반도체와반도체장비
318000,화학
317770,전자장비와기기
148150,핸드셋
027360,창업투자
053580,소프트웨어
100590,통신장비
104620,"호텔,레스토랑,레저"
110020,가정용품
111710,"호텔,레스토랑,레저"
117730,기계
128540,자동차부품
179290,건강관리장비와용품
194700,제약
208340,생물공학
217330,생물공학
227100,건설
238200,제약
246710,생물공학
313760,에너지장비및서비스
251970,포장재
263020,"섬유,의류,신발,호화품"
263050,생물공학
263690,건강관리장비와용품
270870,제약
278280,전기제품
282880,기계
285490,핸드셋
290550,핸드셋
290650,건강관리장비와용품
290660,건강관리업체및서비스
290670,전기제품
298380,생물공학
299660,생물공학
299900,방송과엔터테인먼트
300080,양방향미디어와서비스
302430,전기제품
307180,디스플레이장비및부품
307280,건강관리장비와용품
307750,제약
307870,IT서비스
310200,방송과엔터테인먼트
312610,전기제품
246960,건강관리장비와용품
317850,기계
323280,전자장비와기기
228670,건강관리장비와용품
286750,화학
317830,기계
328380,IT서비스
195500,식품
311390,식품과기본식료품소매
256150,가정용기기와용품
317120,통신장비
320000,전자장비와기기
244460,화장품
331380,전자장비와기기
332290,화학
234690,제약
300120,소프트웨어
158430,소프트웨어
318010,제약
317870,가정용기기와용품
272110,반도체와반도체장비
317530,양방향미디어와서비스
322180,IT서비스
333050,IT서비스
333430,조선
214260,화장품
216080,건강관리장비와용품
190650,증권
103840,식품
306040,"섬유,의류,신발,호화품"
321550,제약
297090,기계
278650,생명과학도구및서비스
336060,IT서비스
335890,건강관리장비와용품
302550,건강관리장비와용품
322510,건강관리기술
124560,해운사
335870,"섬유,의류,신발,호화품"
226330,건강관리업체및서비스
288330,제약
336570,건강관리장비와용품
235980,제약
340360,통신장비
327260,통신장비
339950,교육서비스
340440,포장재
311690,건강관리기술
294630,에너지장비및서비스
204270,핸드셋
294140,화학
092190,디스플레이장비및부품
237820,광고
198080,핸드셋
344860,화장품
223250,제약
353190,제약
298060,제약
351320,디스플레이장비및부품
297890,디스플레이장비및부품
169330,IT서비스
330350,제약
290520,디스플레이장비및부품
262260,전자장비와기기
332570,핸드셋
347890,전자장비와기기
060850,소프트웨어
032300,제약
332370,컴퓨터와주변기기
331920,생물공학
357780,반도체와반도체장비
291650,생물공학
294090,건강관리장비와용품
355150,반도체와반도체장비
347770,디스플레이장비및부품
359090,제약
323990,제약
318410,가정용품
053080,기계
304840,건강관리장비와용품
214610,건강관리장비와용품
301300,소프트웨어
348350,전자장비와기기
347000,전자장비와기기
290690,디스플레이장비및부품
348150,생물공학
330860,반도체와반도체장비
340570,건강관리장비와용품
199820,전기장비
299030,전자장비와기기
353810,식품
352770,생물공학
318020,전자장비와기기
129890,컴퓨터와주변기기
265740,화장품
354200,생명과학도구및서비스
317690,생명과학도구및서비스
356860,반도체와반도체장비
352940,화학
314130,제약
357550,화학
335810,생명과학도구및서비스
347860,소프트웨어
365590,반도체와반도체장비
368770,전자장비와기기
236810,광고
163730,IT서비스
348030,게임엔터테인먼트
277810,기계
321820,IT서비스
262840,소프트웨어
363260,광고
239890,디스플레이장비및부품
322310,반도체와반도체장비
340930,전자장비와기기
373200,핸드셋
338220,건강관리기술
247660,화학
334970,제약
356890,IT서비스
314930,건강관리장비와용품
347700,건강관리기술
289220,양방향미디어와서비스
361390,우주항공과국방
333620,전자장비와기기
351330,IT서비스
294570,IT서비스
357230,식품
352480,화장품
252990,반도체와반도체장비
361670,전자장비와기기
276730,음료
363250,건강관리장비와용품
303530,IT서비스
357580,핸드셋
352910,소프트웨어
365270,제약
377030,소프트웨어
270660,가정용기기와용품
376980,IT서비스
367000,IT서비스
058970,소프트웨어
315640,IT서비스
099390,소프트웨어
308080,제약
388790,통신장비
203400,제약
273640,전기제품
099430,제약
377220,제약
257720,인터넷과카탈로그소매
159010,기계
382840,전기제품
393210,IT서비스
391710,IT서비스
376290,핸드셋
382480,전기제품
261780,제약
114840,화장품
377450,상업서비스와공급품
348370,전기제품
376180,가정용기기와용품
389030,생물공학
210120,방송과엔터테인먼트
376300,양방향미디어와서비스
357880,소프트웨어
311320,반도체와반도체장비
372800,IT서비스
290090,디스플레이장비및부품
361570,방송과엔터테인먼트
377480,IT서비스
200350,방송과엔터테인먼트
353590,자동차부품
179530,제약
377330,전기제품
276040,소프트웨어
136410,화학
137080,디스플레이장비및부품
211050,손해보험
251120,생물공학
370090,전자장비와기기
406760,창업투자
371950,디스플레이장비및부품
376930,건강관리장비와용품
408920,양방향미디어와서비스
288980,소프트웨어
102370,판매업체
388720,기계
366030,"섬유,의류,신발,호화품"
396300,전자장비와기기
388050,전기장비
413600,창업투자
412930,창업투자
389140,방송과엔터테인먼트
415580,창업투자
389260,에너지장비및서비스
399720,반도체와반도체장비
418170,창업투자
362320,인터넷과카탈로그소매
382900,전기장비
424140,창업투자
377460,전문소매
422040,창업투자
425290,창업투자
396270,반도체와반도체장비
412350,반도체와반도체장비
402030,소프트웨어
330730,창업투자
310210,제약
112290,반도체와반도체장비
328130,건강관리기술
424760,IT서비스
365340,전기제품
397030,제약
430700,창업투자
107600,전기제품
148930,전기제품
129920,기계
418210,창업투자
433530,창업투자
430220,창업투자
394280,반도체와반도체장비
314140,제약
430460,창업투자
435380,창업투자
435870,창업투자
296640,소프트웨어
417970,기계
368970,식품
389500,기계
441270,핸드셋
360070,전자장비와기기
378800,제약
291810,소프트웨어
405000,건강관리장비와용품
435620,창업투자
437780,창업투자
419120,소프트웨어
439730,창업투자
417840,반도체와반도체장비
439250,창업투자
440790,창업투자
417500,반도체와반도체장비
438580,창업투자
383930,생명과학도구및서비스
372170,전자장비와기기
425420,반도체와반도체장비
204610,게임엔터테인먼트
419080,디스플레이장비및부품
389470,제약
168360,전자장비와기기
439410,창업투자
442310,창업투자
419530,방송과엔터테인먼트
442130,창업투자
442770,창업투자
440820,창업투자
445970,창업투자
254490,반도체와반도체장비
198940,자동차부품
425040,반도체와반도체장비
417860,소프트웨어
419050,자동차부품
162300,철강
348340,기계
380540,통신장비
419540,건강관리장비와용품
417180,양방향미디어와서비스
408900,방송과엔터테인먼트
407400,가구
411080,소프트웨어
418550,건설
449020,창업투자
127980,전자장비와기기
389020,반도체와반도체장비
446750,창업투자
282720,에너지장비및서비스
442900,창업투자
446150,창업투자
199730,생명과학도구및서비스
356680,소프트웨어
418420,반도체와반도체장비
417010,전자장비와기기
309960,창업투자
358570,생물공학
448760,창업투자
448370,창업투자
318160,화장품
424980,반도체와반도체장비
304360,생물공학
298830,소프트웨어
446190,창업투자
448740,창업투자
446840,창업투자
417790,전자장비와기기
434480,소프트웨어
340810,소프트웨어
271830,핸드셋
420770,반도체와반도체장비
285800,화학
405920,음료
439090,화장품
348080,생물공학
451700,창업투자
455250,창업투자
454640,창업투자
440320,상업서비스와공급품
354320,자동차부품
448830,창업투자
456490,창업투자
274400,소프트웨어
456440,창업투자
378340,전기제품
321370,통신장비
432430,출판
455910,창업투자
406820,화장품
438700,소프트웨어
450940,창업투자
388870,생물공학
172670,반도체와반도체장비
429270,반도체와반도체장비
373170,IT서비스
440110,반도체와반도체장비
458320,창업투자
454750,창업투자
445680,생명과학도구및서비스
448710,우주항공과국방
457940,창업투자
424960,자동차부품
418250,소프트웨어
444920,창업투자
355390,IT서비스
146060,자동차부품
452670,창업투자
384470,건강관리기술
403490,식품
450520,소프트웨어
430690,소프트웨어
443250,양방향미디어와서비스
462020,창업투자
445180,반도체와반도체장비
416180,전기제품
396470,반도체와반도체장비
432720,반도체와반도체장비
221800,건강관리업체및서비스
240600,전기제품
088280,핸드셋
188260,건강관리장비와용품
290560,소프트웨어
446540,전자장비와기기
372320,생물공학
451760,우주항공과국방
413640,IT서비스
365330,건축제품
445090,반도체와반도체장비
452300,창업투자
352090,가정용기기와용품
448280,상업서비스와공급품
452280,기계
402490,반도체와반도체장비
453860,화장품
452160,반도체와반도체장비
466910,창업투자
355690,전자장비와기기
468510,창업투자
338840,생물공학
432470,전기제품
417200,전기제품
439580,건강관리업체및서비스
109670,"섬유,의류,신발,호화품"
452190,전기제품
457550,에너지장비및서비스
440290,창업투자
460930,조선
105760,상업서비스와공급품
362990,광고
452400,전기제품
469480,창업투자
415380,가구
199550,건강관리장비와용품
472850,"섬유,의류,신발,호화품"
452430,반도체와반도체장비
443670,IT서비스
068100,IT서비스
418620,소프트웨어
360350,전자장비와기기
468760,창업투자
199430,기계
036220,생명과학도구및서비스
437730,자동차부품
455900,건강관리장비와용품
420570,화장품
474660,창업투자
412540,전기제품
451250,화장품
347850,생물공학
452200,전기제품
473000,창업투자
126730,전기장비
140430,통신장비
145170,"섬유,의류,신발,호화품"
453450,전기유틸리티
462510,건강관리장비와용품
458870,건강관리기술
464080,전자장비와기기
160190,기계
462350,우주항공과국방
450330,건강관리장비와용품
373110,생물공학
460940,건강관리장비와용품
460470,생명과학도구및서비스
199480,IT서비스
088340,소프트웨어
431190,IT서비스
476080,방송과엔터테인먼트
456070,제약
464500,반도체와반도체장비
381620,기계
308430,제약
465480,IT서비스
209640,전자장비와기기
474170,우주항공과국방
457370,디스플레이장비및부품
466100,기계
458650,전기제품
475400,기계
289930,우주항공과국방
475960,생명과학도구및서비스
163280,화학
