종목명,시장,부채비율,유보율,매출액증가율,EPS 증가율,ROA,ROE,EPS,BPS,PER,PBR,EV/EBITDA
OCI홀딩스,유,3.59,1956.44,3360.23,343.56,16.01,20.34,24385.87,111125.48,4.35,0.96,9.77
HS애드,유,189.52,852.18,598.4,53.88,5.03,11.55,846.49,10098.84,7.36,0.62,4.53
동국홀딩스,유,4.29,150.36,596.11,적전,-8.62,-15.54,-5316.2,21340.7,N/A,0.41,4.4
유니드비티플러스,유,14.59,1709.02,477.61,-10.2,0.4,0.45,81.2,18090.17,87.43,0.39,11.29
하나투어,유,168.68,2578.2,390,흑전,7.67,18.63,1921.48,13391,27.11,3.89,23.53
신송홀딩스,유,9.23,2213.59,320.25,477.6,16.71,18.59,1918.6,11567.93,3.16,0.52,3.5
한국금융지주,유,54.9,1956.42,319.1,73.21,13.09,19.91,18669.72,102820.91,3.28,0.6,
한미사이언스,유,51.47,1464.56,224.27,87.59,4.53,6.82,487.55,7822.8,80.4,5.01,53.51
한진칼,유,22.14,1414.24,192.7,-42.78,6.78,8.92,3224.16,37855.92,22.58,1.92,50.86
티웨이항공,유,744.47,45.29,156.53,흑전,8.29,92.52,460.05,726.47,5.2,3.29,2.2
시프트업,유,12.63,1725.89,155.16,흑전,72.13,99.16,2132.37,3568.16,,,0
한화에어로스페이스,유,350.37,1084.45,154.45,111.59,5.68,22.38,12817.69,62146.61,10.05,2.07,13.22
우리금융지주,유,7.44,531.18,152.17,18.52,5.6,6.07,1926.13,31919.2,6.75,0.41,
제이준코스메틱,유,12.86,1607.46,146.87,적지,-23.01,-25.63,-2401.5,8537.29,N/A,0.63,N/A
HLB글로벌,유,96.37,140.93,146.68,적지,-26.96,-44.64,-654.11,1204.64,N/A,4.17,N/A
제주항공,유,532.8,286.48,144.29,흑전,6.89,41.13,1604.02,3864.8,7.31,3.04,5.05
화승코퍼레이션,유,152.09,624.37,136.84,41.18,2.5,5.59,199.46,3621.84,10.18,0.56,14.34
메리츠금융지주,유,36.36,3508.57,127.24,121.99,9.59,13.97,1844.82,20067.05,32.04,2.95,
대신증권,유,430.07,609.84,125.63,692.73,4.78,27.97,7900.01,35573.6,1.81,0.4,
에어부산,유,626.97,60.76,119.87,흑전,8.05,66.45,892.88,1607.63,3.43,1.9,2.73
에이프로젠,유,144.02,164.98,118.73,적지,-11.24,-24.05,-252.95,1324.91,N/A,0.72,N/A
진에어,유,566.02,192.29,115.23,흑전,15.66,112.52,2564.4,2922.93,4.59,4.03,2.25
파라다이스,유,84.97,2240.86,112.16,20.19,1.66,2.95,345.41,12102.54,38.56,1.1,14.27
SJM홀딩스,유,9.14,2070.42,104.34,457.36,5.74,6.28,643.74,10852.09,5.79,0.34,5.54
산일전기,유,51.94,5158.09,99.25,814.81,24.16,46.03,8810.12,26290.43,,,0
한세예스24홀딩스,유,22.19,2973.18,89.05,145.62,4.37,5.21,717.65,15365.91,6.83,0.32,8.79
한화,유,209.04,595.86,85.22,-68.36,0.85,2.69,926.22,34793.23,27.8,0.74,21.74
자화전자,유,73.77,3300.78,81.87,적지,-4.02,-6.37,-1008.66,17003.9,N/A,1.66,63.68
KB금융,유,17.92,1153.63,81.05,27.93,7.07,8.61,5239.15,64949.67,10.33,0.83,
GS,유,11.9,1208.9,78.34,96.94,12.94,14.93,9264.28,65444.8,4.41,0.62,4.41
신풍,유,11.67,335.15,75.77,적지,-13.21,-14.11,-298.23,2175.75,N/A,0.38,N/A
이스타코,유,87.59,105.49,74,적지,-3.67,-6.66,-68.18,1027.46,N/A,0.71,N/A
상상인증권,유,826.91,117,68.81,-80.78,0.05,0.32,6.77,2196.11,113.45,0.35,
한국카본,유,68.36,1799.52,68.43,적전,-0.28,-0.44,-41.16,9497.61,N/A,1.23,16.99
HD현대,유,53.84,7782.94,67.93,252.53,8.69,13.47,9786.76,81264.36,6.47,0.78,15.64
영원무역홀딩스,유,5.77,9250.53,65.67,72.15,14.21,15.03,6763.87,46752.65,11.53,1.67,11.15
스틱인베스트먼트,유,11.37,1055.26,60.56,-11.87,9.74,10.71,549.82,5776.29,12.6,1.2,
현대지에프홀딩스,유,14.2,1609.99,59.44,35.53,6.53,7.76,1086.69,8647.96,3.35,0.42,62.21
카카오뱅크,유,790.66,157.12,58.3,34.73,0.76,6,744.41,12856.05,38.29,2.22,
JB금융지주,유,35.16,132.68,56.96,-42.86,6.35,8.62,986.89,11633.85,11.54,0.98,
혜인,유,121.2,1835.69,55.08,흑전,2.99,6.64,582.44,9678.44,9.75,0.59,7.45
한화오션,유,233.83,163.25,54.14,흑전,0.86,4.68,546.06,13205.64,45.97,1.9,N/A
두올,유,53.1,145.22,53.04,150.93,12.09,19.35,1070.66,6130.46,3.3,0.58,2.65
GKL,유,54.77,1223.36,51.35,흑전,7.06,11.06,705.41,6616.78,19.12,2.04,10.26
유화증권,유,58.67,629.36,49.6,74.82,0.98,1.46,98.9,7293.57,24.01,0.33,
HD한국조선해양,유,2.12,3161.16,49.53,-19.71,2.6,2.66,4259.48,163058.11,28.38,0.74,643.69
세원정공,유,8.96,7287.25,48.71,76.46,6.72,7.56,2675.37,36936.26,3.39,0.25,4.6
에스엠벡셀,유,55.24,19.71,48.2,-93.22,0.55,1.05,6.28,598.57,290.22,3.04,15.27
대상홀딩스,유,28.09,973.36,47.83,-17.3,3.92,5.05,535.01,10733.57,24.92,1.24,27.11
모나용평,유,159.78,61.1,47.68,흑전,1.11,2.73,217.15,8055.15,14.05,0.38,5.25
더본코리아,유,54.61,6008.96,47.4,35.52,10.86,17.16,1685.46,10920.68,,,0
기업은행,유,1299.7,600.12,46.89,-1.76,0.59,8.5,3024.07,36974.54,3.92,0.32,
포스코퓨처엠,유,137.02,6185.06,46.56,-72.02,0.64,1.32,414.91,31425.3,865.25,11.42,189.74
SK바이오팜,유,89.05,670.97,44.55,적지,-3.52,-6.66,-265.37,3854.83,N/A,26.05,N/A
유수홀딩스,유,3.65,312.73,44.11,-98.06,0.19,0.2,19.51,10318.23,296.77,0.56,52.67
에코프로머티,유,38.19,2175.29,43.18,-70.97,0.58,0.91,85.32,11583.6,2209.28,16.27,311.8
SG글로벌,유,37.88,505.29,42.98,1568.67,8.83,12.66,360.34,3026.44,4.29,0.51,6.17
까뮤이앤씨,유,165.75,283.04,42.89,흑전,1.23,3.15,57.75,1915.2,28.92,0.87,10.4
형지엘리트,유,96.14,359.51,41.99,269.13,4.27,8.11,177.64,2297.54,6.37,0.49,5.74
세아제강지주,유,18.45,3267.69,41.85,14.01,3.05,3.59,5965.64,168384.45,40.23,1.43,35.61
인스코비,유,116.35,N/A,41.78,적지,-56.31,-95.04,-334.89,226.53,N/A,5.42,N/A
티와이홀딩스,유,147.84,2204.21,40.22,적전,-34.26,-54.55,-7213.32,11521.06,N/A,0.37,N/A
에이프로젠바이오로직스,유,56.96,11.69,39.4,적전,-16.25,-24.3,-1346.18,5105.55,N/A,0.43,N/A
예스코홀딩스,유,25.05,1484.05,39.36,흑전,4.05,5.08,3680.93,79202.35,8.97,0.42,7.04
SNT에너지,유,47.88,7401.91,38.56,140.44,4.01,6.09,757,13615.22,10.55,0.59,11.88
SK오션플랜트,유,97.24,2254.4,38.48,69.42,4.48,9.43,970.94,11771.98,20.36,1.68,14.38
콤텍시스템,유,65.48,163.85,38.33,-77.86,1.61,2.51,33.16,1319.26,23.04,0.58,10.57
동부건설,유,150.25,414.66,38.3,-7.07,3.13,7.37,1853.54,25732.99,3.17,0.23,3.88
HS화성,유,98.58,553.48,38.1,8.79,4.58,8.13,3016.77,40080.65,3.6,0.27,2.57
에이플러스에셋,유,68.88,1068.84,37.06,-67.01,4.97,8.21,470.06,5844.19,9.22,0.74,3.48
한국항공우주,유,333.69,234.53,37.03,84.58,3.13,15.02,2374.58,16726.29,21.06,2.99,13.2
이노션,유,56.2,3649.62,36.36,-27.94,8.05,12.52,2276.94,18748.09,9.4,1.14,21.92
롯데웰푸드,유,88.03,43628.97,35.06,167.28,1.57,2.93,6305.7,218644.85,19.63,0.57,7.61
삼성중공업,유,361.51,401.49,35.02,적지,-0.58,-2.55,-101.17,5014.94,N/A,1.55,19.91
HD현대마린엔진,유,101.43,209.84,34.77,90.46,7.26,14.79,1064.62,7745.95,10.99,1.51,17.51
제주은행,유,1235.01,233.56,33.29,-77.65,0.07,0.96,158.77,16678.23,51.08,0.49,
한국종합기술,유,143.31,2797.51,32.86,251.17,3.74,8.74,1218.44,14487.55,4.77,0.4,9.37
한국공항,유,34.7,2089.42,32.46,521.19,6.64,8.58,9256.94,109470.8,5.35,0.45,2.86
HD현대중공업,유,228.74,1073.55,31.91,흑전,0.13,0.41,240.27,58677.51,536.9,2.2,29.26
삼양식품,유,89.73,1301.23,31.78,54.7,12.65,24.87,15495.52,70061.56,13.94,3.08,9.48
KISCO홀딩스,유,0.35,3058.63,31.74,83.28,3.69,3.7,1280.55,36077.27,18.59,0.66,22.99
현대건설,유,123.45,1090.27,31.73,7.37,2.59,5.69,3310.43,59513.4,10.54,0.59,8.41
삼부토건,유,365.92,N/A,31.72,적지,-25.67,-81.44,-618.77,496.95,N/A,4.63,N/A
LS ELECTRIC,유,89.51,1001.81,31.57,200.41,6.93,13.1,6750.94,55090.74,10.84,1.33,7.03
에이피알,유,38.84,5352.92,31.48,191.87,35.95,54.85,2259.2,5452.92,,,0
신영증권,유,566.29,1964.2,31.46,69.38,1.29,8.74,7702.03,103210.12,8.13,0.61,
YG PLUS,유,36.05,325.28,31.29,35.92,6.76,9.48,196.18,2168.32,22.33,2.02,16.85
CR홀딩스,유,49.58,2270.34,30.8,적전,-0.76,-1.28,-193.03,11851.7,N/A,0.55,N/A
포스코DX,유,92.39,497.13,30.36,103.68,10.4,20.59,582.28,2985.64,127.43,24.85,95.33
일성건설,유,231.76,351.07,30.22,-48.44,0.77,2.6,57.84,2255.33,24.91,0.64,11.34
유안타증권,유,926.77,51.98,29.94,85.85,0.5,4.69,338.09,7598.82,7.54,0.34,
KIB플러그에너지,유,73.3,8.07,29.88,25.48,7,12.19,61.2,540.35,12.74,1.44,12.14
코스모신소재,유,40.5,1373.25,29.65,-2.92,4.81,7.41,862.24,14732.48,170.83,10,99.16
동아지질,유,70.83,3242.31,29.55,흑전,2.57,4.35,696.86,16711.54,18.57,0.77,5.8
BNK금융지주,유,31.89,224.23,29.53,3.38,4.52,5.91,968.24,16405.24,7.37,0.44,
에이엔피,유,128.55,90.88,29.48,적지,-6.18,-16.09,-143.33,954.41,N/A,1.41,10.23
세우글로벌,유,12.51,237.38,28.72,96.67,4.93,5.46,89.56,1686.91,15.06,0.8,15.52
한창제지,유,217.34,205.15,28.43,적전,-6.12,-17.37,-293.21,1525.75,N/A,0.61,N/A
서연이화,유,67.19,6361.56,28.42,211.39,11.55,19.43,5714.56,32307.82,3.36,0.59,4.41
다이나믹디자인,유,80,480.57,27.67,적지,-39.16,-67.25,-951.5,1452.29,N/A,1.93,N/A
조흥,유,152.44,4922.56,27.59,-94.46,0.16,0.43,1093.53,251128.1,158.02,0.69,11.62
일성아이에스,유,9.52,3568.01,27.44,적전,-4.56,-5.04,-1574.5,36680.08,N/A,0.64,N/A
태영건설,유,완전잠식,N/A,27.32,적전,-52.84,-734.81,-125957.78,-46340.38,N/A,N/A,N/A
지누스,유,34.8,4922.94,27.14,1205.35,4.61,6.67,1573.84,25114.72,10.36,0.65,7.63
HDC현대산업개발,유,119.57,841.48,26.77,370.12,2.49,5.68,2609.82,47073.89,5.59,0.31,7.34
벽산,유,91.93,691.68,26.45,518.65,6.59,13.18,448.94,3958.4,5.85,0.66,5.13
기아,유,59.07,1446.23,26.09,312.99,16.26,27.13,19902.61,82276.52,5.02,1.22,5.11
두산에너빌리티,유,130.97,81.4,25.88,적지,-0.78,-1.73,-162.64,9252.64,N/A,1.72,21.19
한국자산신탁,유,21.45,1313.58,25.83,6.11,7.81,9.41,636.13,7067.91,4.97,0.45,
SK이노베이션,유,17.25,3648.12,25.5,140.01,5.43,6.5,11466.63,187406.05,12.24,0.75,10.72
HD현대일렉트릭,유,142.13,472.03,25.33,88.95,11.42,28.45,7142.97,28601.27,11.51,2.87,10.12
롯데관광개발,유,1800.86,137.86,24.5,적지,-13.13,-123.6,-3039.14,1189.29,N/A,7.89,422.03
한국전력,유,644.16,481.25,24.47,적지,-2.41,-15.96,-5061.39,29062.52,N/A,0.65,N/A
유엔젤,유,15.71,822.94,24.15,135.57,2.94,3.39,134.67,4614.71,26.81,0.78,237.41
코스맥스,유,222.04,5446.22,23.84,흑전,1.94,5.89,1602.88,27731.1,78.86,4.56,15.72
티에이치엔,유,138.33,1488.26,23.59,440.85,10.17,26.28,1847.04,7941.29,1.89,0.44,3.39
SK,유,79.91,110648.46,22.77,-32.69,1.27,2.28,4904.43,242367.71,36.29,0.73,14.25
한올바이오파마,유,28.5,665.64,22.65,606.11,1.7,2.17,73.86,3828.21,599.74,11.57,414.57
금호에이치티,유,32.11,194.03,22.55,적지,-10.23,-13.06,-197.99,1507.6,N/A,0.42,N/A
두산로보틱스,유,4.01,1264.29,22.47,적지,-5.2,-5.6,-257.2,6821.46,N/A,17.02,N/A
BGF,유,3.33,1496.2,21.95,흑전,4.74,4.9,766.29,15962.04,4.97,0.24,8.23
SNT다이내믹스,유,48.79,812.37,21.67,109.77,4.91,7.07,1439.89,23495.07,10,0.61,10.58
남광토건,유,233.7,130.26,21.6,-69.03,1.66,5.44,609.06,11512.9,12.58,0.67,8.56
동양,유,35.95,656.41,21.56,흑전,1.41,1.81,57.92,3782.03,17.25,0.26,5.08
현대퓨처넷,유,2.9,1257.42,21.55,적지,-0.63,-0.65,-44.48,6787.1,N/A,0.47,207.77
남선알미늄,유,58.21,226.54,21.41,-7.29,0.89,1.31,21.49,1632.69,109.57,1.44,29.92
한세엠케이,유,174.99,605.96,21.03,적지,-1.03,-3.52,-72,3529.8,N/A,0.61,15.72
HJ중공업,유,745.21,N/A,20.92,적지,-4.17,-31.24,-1362.87,4116.9,N/A,1.08,N/A
진흥기업,유,114.39,265.5,20.75,-8.57,8.83,18.4,309.03,1827.48,3.73,0.63,3.21
덕양산업,유,544.69,419.4,20.72,-15.96,2.16,13.57,332.79,2596.99,17.79,2.28,5.58
삼성바이오로직스,유,43.61,4530.14,20.57,35.56,7.88,12.18,13290.25,115753.42,57.18,6.57,37.07
경인전자,유,5.94,738.22,20.1,-40.61,3.9,4.14,1570.68,41910.95,13.56,0.51,74.54
효성중공업,유,191.45,2415.87,19.56,70.4,2.49,7.58,9215.97,125793.26,17.57,1.29,9.85
현대차,유,39.94,4062.83,19.49,100.18,8.72,12.6,26758.26,226079.91,7.61,0.9,5
한일시멘트,유,41.21,4149.54,19.26,150.29,8.2,11.65,2366.03,21247.71,5.41,0.6,4.15
우진아이엔에스,유,18.69,2583.98,19.18,흑전,1.72,2.05,254.01,13419.9,20.16,0.38,N/A
아세아,유,6.96,3775.89,19.11,41.87,3.92,4.21,7790.12,198786.45,24,0.94,20.84
코오롱,유,136.48,871.82,18.9,-51.05,0.98,2.28,1106.22,48591.18,15.73,0.36,19.29
태경케미컬,유,11.27,2649.37,18.86,66.26,9.03,10.07,1318.75,13746.83,10.47,1,8.08
NHN,유,14.49,9308.98,18.57,-46.55,2.1,2.34,1126.02,50520.71,20.74,0.46,7.7
대한전선,유,86.81,653.86,18.49,593.48,3.77,6.89,452.46,6829.93,20.24,1.34,16.46
엘앤에프,유,198.66,6038.86,18.37,적전,-6.13,-16.1,-5319.26,30694.31,N/A,6.65,N/A
한국콜마,유,103.65,5176.68,18.23,흑전,1.43,2.84,748.03,26383.41,71.66,2.03,17.2
SJG세종,유,84.55,2633.86,18.16,65.46,1.61,2.92,387.03,13669.28,15.35,0.43,5.84
NH투자증권,유,652.18,299.49,18.03,26.11,0.84,6.23,1240.95,20314.89,8.32,0.51,
토니모리,유,46.58,2683.39,18.02,68.67,3.49,5.17,276.63,5566.78,15.29,0.76,9.84
한국주철관,유,16.27,2230.95,17.94,-43.51,4.14,4.84,582.66,12267.91,11.86,0.56,7.98
삼호개발,유,44.4,1747.02,17.52,90.46,3.19,4.34,379.28,9235.09,8.95,0.37,11.93
환인제약,유,11.98,3691.72,17.49,26.79,7.77,8.65,1608.8,19774,9.35,0.76,7.41
광명전기,유,43.01,440.37,17.28,155.55,6.61,9.56,244.92,2701.87,9.64,0.87,N/A
아세아시멘트,유,40.16,4426.23,17.06,-0.68,4.1,5.73,1262.6,22631.13,8.31,0.46,5.47
KCC글라스,유,40.51,9277.4,17.01,-9.98,4.05,5.89,5430.27,93773.96,7.56,0.44,3.42
천일고속,유,187.23,167.73,16.7,적지,-8.78,-21.08,-3367.57,13386.64,N/A,3.54,N/A
이수페타시스,유,90.81,350.64,16.46,-57.41,7.24,13.59,576.12,4506.36,51.12,6.54,31.91
LG에너지솔루션,유,41.83,14089.31,16.13,적지,-0.28,-0.39,-280.72,70946.56,N/A,6.03,811.39
아시아나항공,유,1462.42,104.08,16.02,-82.34,0.33,5.18,541.4,10203.91,20.61,1.09,4.91
STX엔진,유,256.17,257.49,15.97,흑전,0.44,1.52,136.72,8937.2,86.67,1.33,17.02
씨티알모빌리티,유,214.28,1790.58,15.93,적지,-6.43,-18.36,-1930.95,9452.9,N/A,1.3,18.6
삼성증권,유,703.87,1282.32,15.73,28.07,0.98,7.85,5414.1,70970.33,7.11,0.54,
한컴라이프케어,유,41.03,2249.31,15.37,-80.04,1.71,2.56,118.97,4698.62,38.12,0.97,12.84
대유에이텍,유,957.72,51.04,15.18,적지,-19.48,-138.25,-1992.2,755.22,N/A,1.59,3.93
카카오페이,유,57.94,3000.21,15.09,-32.14,2.14,3.3,493.44,15501.03,99.91,3.18,125.39
동양고속,유,144.49,350.5,14.91,적지,-1.85,-4.29,-1063.87,26385.44,N/A,0.49,20.12
하이트진로홀딩스,유,61.63,820.47,14.86,-9.95,0.45,0.72,308.81,46023.48,28.24,0.19,23.21
에이블씨엔씨,유,67.91,616.23,14.86,74.85,4.09,6.33,264.99,3721.47,25.55,1.82,10.88
지엠비코리아,유,102.57,2407.08,14.85,68.34,2.83,5.54,689.87,12535.39,6.9,0.38,5.95
F&F홀딩스,유,0.53,9858.26,14.85,25.28,1.53,1.54,760.23,49791.3,20.56,0.31,18.79
현대모비스,유,30.74,5579.93,14.44,15.5,5.16,6.81,19269.76,297823.72,12.3,0.8,13.53
비상교육,유,103.08,2764.16,14.28,적지,-6.13,-10.91,-1554.46,14320.8,N/A,0.38,N/A
오리온,유,15.55,5744.67,13.94,129.04,18.71,22.76,6062.96,29223.35,19.15,3.97,21.31
DB,유,113.01,344.24,13.94,85.78,3.08,5.59,100.86,2221.18,17.18,0.78,12.73
대웅,유,5.3,1843.5,13.9,38.02,15.16,15.94,1279.7,9717.49,16.14,2.13,17.71
한국무브넥스,유,93.18,734.95,13.83,53.11,7.12,14.38,1142.4,8349.45,8.11,1.11,5.92
와이투솔루션,유,20.31,11.14,13.79,적지,-1.29,-1.72,-43.33,2778.44,N/A,1,19.17
현대엘리베이,유,101.04,562.31,13.6,111.36,9.99,19.65,6173.47,35957.22,7.18,1.23,16.28
삼성SDI,유,45.78,3752.45,13.41,-5.16,4.28,6.3,11667.43,195249.66,40.45,2.42,31.32
제일파마홀딩스,유,29.8,3964.95,13.27,적지,-4.41,-5.68,-1177.21,20324.77,N/A,0.58,38.72
대우건설,유,197.32,57.26,12.93,0.1,2.67,8.28,613.51,7863.13,6.76,0.53,6.73
에스엘,유,29.86,7048.56,12.92,32.29,10.51,13.63,4600.48,35742.81,7.76,1,6.3
아진전자부품,유,239.12,13.16,12.88,흑전,0.25,0.86,4.74,565.8,282.48,2.37,13.76
보령,유,65.83,1545.53,12.75,-17.68,4.67,7.88,599.2,8227.63,19.84,1.45,9.21
현대로템,유,218.08,196.87,12.65,-22.02,3.39,10.81,1526.94,14843.31,17.42,1.79,11.92
한일홀딩스,유,10.82,2284.07,12.45,-73.6,2.38,2.8,722.42,25794.37,15.46,0.43,12.03
대한유화,유,16.89,4133.34,12.43,적지,-1.9,-2.19,-5922.65,267026.27,N/A,0.57,9.63
현대코퍼레이션,유,155.09,800.9,12.41,6.59,6.04,16.69,6338.8,45045.25,2.98,0.42,6.19
금비,유,98.93,1542.06,12.38,적지,-2.03,-3.97,-3173.59,82103.16,N/A,0.99,33.88
고려산업,유,165.14,291.7,12.23,11.38,0.81,2.13,82.76,3916.96,37.94,0.8,16.06
에넥스,유,273,30.25,12.17,적지,-14.35,-47.33,-322.86,651.25,N/A,0.88,N/A
전진건설로봇,유,51.77,2001.53,12.14,24.53,19.31,29.5,1883.59,7301.18,,,0
디아이,유,63.41,722.8,12.11,-24.85,3.35,5.53,259.68,5014.85,24.26,1.26,16.74
종근당,유,70.46,2623.74,12.04,151.81,16.89,29.3,15853.18,64961.65,8.26,2.02,6.25
한화시스템,유,103.04,141.14,12.03,236.31,2.21,4.28,508.17,12056.83,34.16,1.44,13.65
동방아그로,유,40.49,2310.99,11.92,78.95,5.51,7.83,887.29,12054.94,7.17,0.53,5.02
한화엔진,유,407.19,213.51,11.79,적지,-0.04,-0.19,-5.96,3135.13,N/A,3.12,32.54
한미약품,유,107.5,2069.17,11.7,116.92,8,17.79,8521.42,53175.89,41.37,6.63,24.22
더존비즈온,유,99.92,3231.05,11.56,58.68,4.41,8.68,1170.14,16655.23,24.74,1.74,10.54
덴티움,유,74.06,6569.25,11.27,18.02,11.25,20.23,6556.76,37262.64,19.98,3.52,12.9
다스코,유,100.17,1456.13,11.23,367.02,4.52,9.61,714.8,8021.35,5.95,0.53,4.92
부산산업,유,23.3,1294.26,11.23,흑전,0.94,1.14,594.25,69713.03,106.69,0.91,66.95
이건산업,유,153.13,106.54,11.16,227.13,3.81,9.56,917.57,10327.15,7.06,0.63,22.59
현대약품,유,82.64,556.63,11.11,흑전,3.65,7.15,191.3,3283.16,20.65,1.2,14.36
롯데이노베이트,유,82.47,502.17,11.09,112.38,6.25,11.35,3289.02,30108.37,8.91,0.97,4.48
KCC,유,80.23,11677.42,11.02,7265.47,5.86,10.53,60859.87,637275.8,3.75,0.36,7.41
한창,유,6734.53,N/A,10.99,적지,-28.87,-329.09,-1332.42,57.54,N/A,22.85,N/A
SNT모티브,유,28.02,1267.56,10.94,-0.94,7.44,9.92,6166.63,68378.22,7.01,0.63,4.29
롯데손해보험,유,1081.55,305.16,10.93,흑전,1.91,19.72,971.96,4051.63,2.46,0.59,
KTis,유,119.32,1143.13,10.67,-12.53,3.3,6.94,400.03,6215.66,7.54,0.49,3.96
대원제약,유,82.35,2405.19,10.58,-24.51,5.31,9.43,1082.47,12525.95,14.47,1.25,9.01
팜젠사이언스,유,69.28,1168.83,10.5,1100.24,8.71,15.73,936.86,6344.14,6.62,0.98,8.39
오리온홀딩스,유,9.14,5813.06,10.41,-19.14,0.77,0.83,246.81,29565.32,59.15,0.49,48.24
KG모빌리티,유,138.34,16.09,10.41,흑전,0.65,1.36,78.94,5804.26,109.96,1.5,9.19
DB금융투자,유,713.84,335.24,10.4,710.6,0.15,1.28,262.74,21762.08,14.65,0.18,
우진,유,20.88,1374.19,10.32,53.28,5.98,7.33,517.15,7370.95,17.98,1.26,16.05
경농,유,46.23,2133.37,10.27,21.07,6.54,9.72,1159.61,12407.64,8.77,0.82,6.39
한온시스템,유,173.65,4614.21,10.26,136.91,0.63,1.73,79.3,4714.21,91.93,1.55,29.64
경보제약,유,84.45,1107.87,10.24,387.14,1.17,2.06,124.42,6039.33,67.43,1.39,15.73
일양약품,유,81.59,326.67,10.2,22.63,3.27,5.97,589.82,10666.69,26.53,1.47,14.89
AK홀딩스,유,82.55,706.3,10.17,흑전,0.28,0.49,193.8,40315.03,88.24,0.42,21.01
한신공영,유,158.87,1208.16,10.13,-44.02,1.43,3.81,2436.29,65407.91,2.96,0.11,17.94
HDC,유,16.64,650.35,10.04,74.15,3.05,3.59,1250.79,37517.49,5.51,0.18,8.14
JW생명과학,유,63.59,306.8,9.83,13.6,8.59,14.74,1374.84,10169.92,9.36,1.27,5.06
이엔플러스,유,55.03,131.89,9.77,적지,-46.24,-76.25,-794.03,1159.47,N/A,3.34,N/A
한성기업,유,349.01,81.56,9.74,-13.65,0.52,2.36,196.67,9078.06,29.44,0.64,13.65
현대오토에버,유,71.51,10951.7,9.73,26.57,5.39,9.19,4921.15,55258.52,42.98,3.83,22.92
하이브,유,58.91,11058.09,9.69,적전,-5.22,-7.97,-4570.47,55790.45,N/A,4.19,158.46
애경산업,유,23.24,1425.28,9.56,182.52,9.77,12.48,1764.91,15252.76,10.55,1.22,6.39
빙그레,유,28.35,1232.06,9.52,136.35,9.2,11.74,7312.42,67278.89,7.48,0.81,3.98
태양금속,유,245.37,478.62,9.51,70.59,0.49,1.66,48.15,2893.08,70.93,1.18,12.36
갤럭시아에스엠,유,20.46,442.64,9.49,-42.03,3.62,4.95,97.07,2713.18,27.15,0.97,10.2
진양홀딩스,유,11.89,726.1,9.49,흑전,7.85,8.79,345.4,4130.48,9.29,0.78,16.75
JW중외제약,유,125.5,368.9,9.48,15.2,6.67,15.13,1583.25,11480.53,22.45,3.1,7.24
CJ CGV,유,212.15,926.63,9.44,적지,-7.55,-24.91,-1938.07,5133.14,N/A,1.13,10.1
삼일제약,유,183.67,1551.65,9.32,적지,-0.33,-0.91,-72.15,8258.23,N/A,0.81,15.55
가온전선,유,126.47,786.1,9.32,76.62,2.24,5.14,2374.52,44304.86,8.93,0.48,4.03
강원랜드,유,20.75,3493.32,9.3,189.84,7.82,9.49,1570,17966.61,10.19,0.89,9.42
모토닉,유,7.45,2744.69,9.11,52.09,5.73,6.17,819.89,14223.45,10.09,0.58,12.79
대원강업,유,55.76,1344.83,8.99,168.37,4.11,6.51,459.1,7224.17,11.85,0.75,8.1
금호전기,유,719.46,79.12,8.98,적지,-32.04,-203.27,-425.85,895.58,N/A,0.93,N/A
케이비아이동국실업,유,138.87,242.88,8.97,-35.41,1.26,2.88,48.09,1714.39,12.37,0.35,4.16
GS건설,유,217.13,893.95,8.87,적전,-4.45,-12.7,-6787.47,49697.63,N/A,0.3,N/A
현대코퍼레이션홀딩스,유,25.57,482.56,8.83,-7.97,9.44,12.08,3203.28,29128.14,3.35,0.37,4.85
SNT홀딩스,유,0.21,5534.22,8.8,12.38,4.86,4.87,1311.44,28862.26,13.18,0.6,13.56
농심,유,30.57,7313.27,8.74,49.06,4.16,5.37,18909.79,370663.39,21.52,1.1,12.72
대한항공,유,202.09,423.91,8.67,-48.49,3.2,9.7,2482.27,26195.51,9.63,0.91,4.37
일진전기,유,148.63,874.64,8.58,41.01,3.66,8.97,805.41,9273.69,13.21,1.15,9.12
동양피스톤,유,183.07,1462.98,8.56,흑전,0.23,0.63,49.61,7814.91,97.86,0.62,8.7
유니켐,유,50.8,198.49,8.51,적전,-1.91,-4.39,-68.8,1505.75,N/A,1.4,19.54
농심홀딩스,유,1.39,2357.48,8.45,41.27,3.09,3.14,3834.3,122873.87,16.9,0.53,17.98
SJM,유,12.72,1878.54,8.35,41.88,5.77,6.48,626.06,9892.71,5.81,0.37,N/A
평화산업,유,483.74,56.86,8.33,-51.31,1.3,7.34,57.26,784.29,23.18,1.69,5.42
현대위아,유,65.25,2318.87,8.29,흑전,2,3.46,4018.85,120943.22,16.2,0.54,5.9
HD현대미포,유,152.41,881.75,8.27,적지,-2.99,-7.12,-3634.89,49087.72,N/A,1.73,N/A
진양산업,유,41.16,626.1,8.27,100.51,14,19.98,678.27,3630.49,10.14,1.9,11.83
현대해상,유,615.34,13736.28,8.25,-37.12,1.8,10.41,9012.55,69181.4,3.44,0.45,
동양생명,유,1014.44,273.36,8.24,2444.03,0.87,7.55,1832.85,18667.85,2.47,0.24,
동아쏘시오홀딩스,유,51.95,1969.82,8.14,6.22,0.97,1.45,1487.08,103491.05,67.92,0.98,19.82
쿠쿠홀딩스,유,8.07,17682.01,8.14,-2.76,6.08,6.63,1093.74,17782.01,14.98,0.92,14.21
퍼스텍,유,325.23,156.18,8.09,153.76,1.94,7.77,94.73,1280.92,34.26,2.53,38.27
금호건설,유,246.78,168.68,8.08,-72.66,0.39,1.25,176.07,13434.1,29.48,0.39,9.2
삼성화재,유,425.72,65583.54,8,19.15,2.15,12.45,34713.94,343875.16,7.58,0.76,
HL D&I,유,238.5,75.64,7.96,88.17,2.38,8.22,727.58,9191.48,2.82,0.22,8.6
한전기술,유,56.17,7194.71,7.88,81.87,3.91,5.99,854.36,14589.43,72.69,4.26,48.93
광동제약,유,62.68,1004.2,7.82,34.75,3.94,6.2,610.24,11041.99,12.18,0.67,9.38
KG케미칼,유,55.64,232.67,7.74,39.37,7.21,11.62,385.19,3455.87,17.78,1.98,31.58
NI스틸,유,91.29,1537.69,7.74,2.91,11.88,23.77,1755.57,8188.44,3.42,0.73,2.79
영진약품,유,152.81,N/A,7.57,적지,-1.8,-4.32,-21.19,490.08,N/A,4.34,37.71
주성코퍼레이션,유,44.74,N/A,7.48,적지,-2.54,-4.33,-22.26,436.39,N/A,9.4,N/A
사조동아원,유,84.97,244.04,7.43,937.19,2.31,4.54,76.08,1720.21,12.55,0.56,5.1
KTcs,유,93.36,653.96,7.37,-26.06,3.11,5.84,227.95,4211.39,15.79,0.85,5.02
모나리자,유,19.39,330.54,7.35,291.56,9.39,11.51,250.03,2223.34,10.5,1.18,8.35
BGF리테일,유,202.41,5888.84,7.31,-3.03,6.18,18.82,10698.7,59888.38,12.27,2.19,3.7
인천도시가스,유,109.82,893.53,7.25,43.8,4.04,8.51,4005.1,49676.66,6.38,0.51,3.47
MH에탄올,유,74.99,1492.67,7.24,9.12,5.44,9.56,840.76,9922.22,8.12,0.69,12.69
성신양회,유,119.53,314.8,7.13,흑전,6,14.33,2632.66,21109.84,3.23,0.4,6.41
한일현대시멘트,유,114.41,304.58,7.11,-8,4.71,9.29,1814.12,20229.07,8.63,0.77,8.1
한국내화,유,35.17,1034.28,7.02,적전,-5.15,-6.89,-357.58,5671.39,N/A,0.53,9.9
서연,유,1.34,2626.16,6.96,-39.58,1.8,1.83,244.51,13630.8,35.13,0.63,26.57
신한지주,유,42.88,780.41,6.92,36.58,4.47,6.33,3212.57,50988.84,12.5,0.79,
한전KPS,유,25.15,13975.36,6.81,65.35,10.31,13.07,3596.65,28150.72,9.47,1.21,6.15
인지컨트롤스,유,113.96,2517.49,6.61,34.34,2.71,5.72,724.21,13087.44,11.18,0.62,8.63
삼진제약,유,58.24,1980,6.6,-13.68,4.58,6.99,1360.13,20799.96,15.88,1.04,11.18
금호타이어,유,283.62,N/A,6.5,흑전,8.03,34.66,774.92,2579.46,6.96,2.09,8.02
삼화콘덴서,유,24.69,2003.6,6.47,-13.56,7.06,8.91,1798.12,21036,21.19,1.81,10.56
하나제약,유,25.33,3151.04,6.46,-8.12,6.43,8.17,1256.56,16255.19,11.1,0.86,7.74
유나이티드제약,유,23.81,4896.67,6.26,6.6,10.89,13.47,2970.9,24983.33,9.09,1.08,6.74
한국쉘석유,유,49.32,1702.15,6.25,39.88,20.73,31.27,28753.17,97038.66,7.86,2.33,6.57
상신브레이크,유,94.71,2086.37,6.23,31.84,3.4,6.73,683.51,10931.87,5.34,0.33,5.26
국제약품,유,93.09,307.58,6.21,적전,-5.68,-10.76,-397.95,4075.75,N/A,1.45,72.66
에스원,유,34.3,8905.66,6.2,38.25,9.6,12.92,5149.4,45028.31,11.65,1.33,6.05
세방전지,유,20.91,18828.06,6.2,97.74,6.3,7.65,6844.5,94640.31,8.5,0.61,6.31
DB손해보험,유,459.2,24837.97,6.11,-21.07,3.28,17.17,21705.45,124689.86,3.86,0.67,
현대리바트,유,122.89,1864.17,6.08,적지,-3.99,-8.3,-1690.5,19641.71,N/A,0.4,36.06
동화약품,유,26.15,1250.78,6.08,43.71,5.79,7.12,936.81,13507.82,10.96,0.76,9.85
사조오양,유,56.82,368.64,6.07,138.06,5.89,9.51,2154.21,23431.88,3.99,0.37,5.61
동원F&B,유,89.14,3942.32,6.02,-0.75,5,9.71,3783.79,40423.17,8.64,0.81,6.32
HD현대마린솔루션,유,131.1,1169.78,5.95,26.3,26.81,62.89,3586.85,6348.91,,,0.24
대한제분,유,18.73,9492.96,5.94,128.11,5.79,6.83,31682.51,479647.93,4.03,0.27,4.78
마니커,유,230.9,48.63,5.9,적전,-0.78,-2.63,-20.09,743.13,N/A,1.56,10.06
LG이노텍,유,162.1,3112.88,5.85,-49.39,3.91,9.9,15405.15,160644,15.55,1.49,5.01
한국화장품,유,22.42,272.62,5.77,흑전,19.67,24.59,408.44,1863.08,15.55,3.41,N/A
한국단자,유,43.06,15515.8,5.72,21.57,4.39,6.31,4790.3,78078.99,15.66,0.96,7.63
동원산업,유,64.09,5583.86,5.69,-61.63,2.64,4.32,1903.42,56838.61,17.49,0.59,13.38
평화홀딩스,유,32.45,1596.53,5.62,312.24,12.72,17.98,1402.56,8482.66,2.3,0.38,8.05
해태제과식품,유,147.98,1970.64,5.49,흑전,3.09,7.9,685.14,10353.19,7.88,0.52,5.09
한국화장품제조,유,69.46,2286.75,5.26,80.54,8.47,14.58,1606.66,11933.75,14.56,1.96,9.22
대웅제약,유,94.99,2681.93,5.23,129.61,7.59,15.24,9623.36,69548.14,12.14,1.68,10.48
코스맥스비티아이,유,91.9,5183.38,5.14,흑전,1.36,2.55,682.41,26416.88,15.58,0.4,19.87
디와이파워,유,16.08,4199.99,5.14,13.93,12.59,14.98,3018.35,21499.95,4.09,0.57,5.43
크라운제과,유,65.32,7774,5.1,-13.32,7.01,11.81,1763.77,15748,4.75,0.53,2.81
현대백화점,유,88.19,3541.21,5.07,적전,-0.65,-1.22,-2160.23,182060.47,N/A,0.28,6.23
롯데에너지머티리얼즈,유,26.38,2560.59,5.01,138.22,1.44,1.9,252.34,13302.93,166.64,3.16,224.85
콘텐트리중앙,유,75.7,428.49,5,적전,-4.97,-8.32,-2269.86,26424.62,N/A,0.58,36540.98
한전산업,유,100.75,500.67,4.93,-6.65,7.97,14.62,426.15,3003.36,17.2,2.44,9.05
신세계푸드,유,198.19,1402.33,4.92,흑전,1.38,4.17,3135.19,75116.67,12.58,0.53,6.36
신세계건설,유,976.2,484.79,4.9,적지,-13.82,-79.12,-39625.39,29239.74,N/A,0.42,N/A
유성기업,유,43.64,1405.32,4.86,적지,-1.02,-1.45,-110.62,7526.59,N/A,0.38,N/A
부산주공,유,1094.5,N/A,4.85,적지,-2.15,-24.58,-65.92,253.15,N/A,1.92,13.45
F&F,유,38.89,33509.61,4.83,7.7,26.88,38.03,10842.16,33609.61,8.23,2.65,6.07
명문제약,유,125.15,398.83,4.82,적전,-2.45,-5.22,-133.04,2494.14,N/A,0.92,25.36
한솔홈데코,유,88.37,96.55,4.82,적전,-2,-3.71,-76.94,2043.53,N/A,0.42,15.03
유한양행,유,21.14,2727.94,4.79,-28.22,4,4.77,1148.91,27038.85,59.88,2.54,62.89
신도리코,유,7.57,1927.91,4.61,91.02,5.76,6.2,5852.95,101395.43,5.59,0.32,10.59
GS리테일,유,101.31,3863.65,4.58,적전,-0.3,-0.6,-234.42,39636.46,N/A,0.58,4.77
플레이그램,유,89.3,274.57,4.49,적전,-32.98,-61.01,-291.67,374.57,N/A,1.49,N/A
동양철관,유,129.77,38.37,4.44,적전,-2.45,-5.12,-36.31,691.86,N/A,1.19,24.8
KSS해운,유,275.93,3569.72,4.44,-48.07,1.37,5.31,947.07,18428.07,9.77,0.5,7.24
롯데칠성,유,142.51,28438.02,4.35,-12.74,2.99,7.42,10403.85,142690.11,14.09,1.03,7.32
대호에이엘,유,54,180.79,4.33,-54.71,2.33,4.16,51.61,1403.94,24.55,0.9,7.45
한국특강,유,147.68,647.65,4.33,-30.78,5.07,13.2,464.2,3738.23,3.87,0.48,4.88
HL만도,유,95.95,4039.65,4.32,흑전,2.24,4.32,1770.24,41396.54,22.23,0.95,57.57
제일연마,유,12.63,1886.94,4.29,42535.11,9.44,10.79,835.7,9934.72,10.4,0.87,13.06
오뚜기,유,52.96,9588.66,4.08,-39,4.81,7.6,30118.56,484432.91,13.28,0.83,6.68
한국제지,유,68.03,130.62,4.04,적전,-9.46,-15.67,-590.35,2306.2,N/A,0.49,13.53
크래프톤,유,13.27,113473.19,4,50.52,12.03,13.69,14944.89,115626.95,12.95,1.67,10.73
한신기계,유,19.2,482.75,3.99,적지,-1.79,-2.17,-63.93,2913.77,N/A,1.67,N/A
KC코트렐,유,698.73,91.54,3.94,적지,-9.99,-66.17,-803.03,957.69,N/A,1.66,N/A
LIG넥스원,유,261.58,861.52,3.91,42.32,5.14,17.61,7952.82,48075.91,16.41,2.71,11.32
LG전자,유,201.91,1067.97,3.87,17.44,3.32,9.84,5552.59,58398.59,18.33,1.74,14.77
아시아나IDT,유,35.15,2869.46,3.85,27.47,5.12,6.75,987.21,14847.28,19.7,1.31,13.4
계양전기,유,87.4,730.69,3.85,흑전,0.01,0.03,1.14,4153.45,1633.46,0.45,N/A
세방,유,32.52,5460.17,3.84,-30.7,3.32,4.44,1186.07,27800.87,10.31,0.44,4.59
동원금속,유,263.46,255.96,3.81,18.93,5.33,20.26,329.48,1779.8,5.31,0.98,4.63
수산인더스트리,유,6.34,17174.51,3.79,-0.88,9.43,10.09,3355.94,34549.01,5.64,0.55,6.75
새론오토모티브,유,9.37,1977.83,3.75,흑전,2.14,2.33,241.15,10389.15,17,0.39,N/A
조광피혁,유,16.05,1225.07,3.74,49.24,1.91,2.23,1360.45,68246.44,36.64,0.73,41.1
세이브존I&C,유,23.28,1071.18,3.72,48.35,2.35,2.9,331.81,11711.78,7.22,0.2,6.15
LG유플러스,유,124.51,233.45,3.58,-2.33,3.43,7.77,1480.27,19658.16,6.91,0.52,3.19
SPC삼립,유,137.68,936.85,3.57,-10.3,4.27,10.72,4774.58,51842.38,13.11,1.21,5.75
세원이앤씨,유,81.07,619.09,3.41,적지,-5.54,-9.69,-397.71,3595.45,N/A,0.35,N/A
팜스코,유,193.61,1571.06,3.35,흑전,3.31,10.5,813.08,8355.28,4,0.39,5.24
세아제강,유,54.01,6949.64,3.28,18.54,12.58,20.68,66577.57,352482.01,2.07,0.39,1.5
노루페인트,유,77.88,3145.38,3.21,226.57,4.1,7.51,1185.46,16226.88,7.8,0.57,5.21
노루홀딩스,유,18.85,3865.15,3.2,-92.06,0.66,0.79,192.25,24987.76,59.61,0.46,30.75
대상,유,126.06,3572.07,3.2,-0.51,2.88,6.46,2340.62,36720.69,8.87,0.57,6.8
일정실업,유,416.01,2.93,3.07,적지,-4.86,-22.71,-1269.59,5146.33,N/A,2.51,130.4
화승알앤에이,유,258.57,1085.03,3.06,90.86,6.06,23.6,1274.6,5925.16,3.25,0.7,4.96
KR모터스,유,259.8,N/A,3.03,적지,-17.2,-51.01,-454.2,715.87,N/A,1.44,N/A
솔루엠,유,137.13,1029.9,2.97,-41.83,4.16,9.25,459.42,5649.52,59.42,4.83,66.99
SK아이이테크놀로지,유,22.27,2722.12,2.95,적지,-1.61,-1.97,-560.94,28221.17,N/A,2.8,N/A
휴니드,유,85.26,141.03,2.86,93.07,5.92,11.69,1266.38,12051.26,4.86,0.51,4.08
도화엔지니어링,유,103.91,1599.26,2.84,437.15,3.91,7.5,623.24,8496.3,12.72,0.93,12.3
종근당바이오,유,138.8,797.01,2.76,적지,-7.98,-17.87,-4409.9,22425.32,N/A,1.06,N/A
남양유업,유,27.11,15106.87,2.74,적지,-7.1,-9.19,-8767.07,94529.22,N/A,6.42,N/A
신세계 I&C,유,23.48,4822.46,2.67,-67.66,6.19,7.89,1699.15,24612.32,7.13,0.49,3.47
크라운해태홀딩스,유,18.7,3751.27,2.66,흑전,3.66,4.37,815.71,19256.34,7.1,0.3,26.51
영화금속,유,210.99,152.73,2.62,1505.39,3.5,11.57,141.14,1304.94,6.28,0.68,7.51
신세계,유,113.16,8280.36,2.47,-15.35,2.47,5.24,21286.83,419018.06,8.23,0.42,9.56
보해양조,유,79.09,15.11,2.46,적지,-2.61,-4.67,-27.28,575.54,N/A,0.94,20.22
샘표식품,유,51.88,9711.54,2.38,-11.55,3.05,4.61,2214.09,49057.7,12.42,0.56,5.47
한화손해보험,유,428.47,340.24,2.38,-13.4,1.66,8.76,1878.64,22011.96,2.16,0.18,
삼양홀딩스,유,21.22,4461.57,2.34,156.39,8.99,10.67,22882.55,228078.34,3.02,0.3,8.36
진양폴리,유,58.98,539.12,2.34,3.71,7.36,11.34,354.51,3195.62,18.17,2.02,12.31
디아이씨,유,466.58,325.36,2.33,9.98,3.76,21.33,416.84,2126.81,11.95,2.34,7.29
사조대림,유,66,1076.28,2.28,26.56,8.78,14.91,7673.95,58814.16,4.08,0.53,3.44
삼정펄프,유,8.27,1693.1,2.2,흑전,5.88,6.39,5589.44,89655.03,4.46,0.28,6.04
사조산업,유,77.52,1141.92,2.17,적전,-0.47,-0.84,-525.38,62096.08,N/A,0.68,116.44
콜마홀딩스,유,40.8,2007.07,2.17,228.94,3.88,5.77,591.85,10590.33,13.35,0.75,59.51
풀무원,유,50.39,1833.98,2.15,-78,0.27,0.37,42.75,10693.34,245.38,0.98,17.2
스카이라이프,유,46.37,491.17,2.08,적전,-7.23,-10.52,-1653.2,14872.31,N/A,0.4,3.36
비비안,유,117.36,465.75,2.05,적지,-3.86,-8.23,-243.41,2828.77,N/A,0.44,13.95
흥국화재,유,784.23,317.61,2.02,52.55,2.59,15.99,4851.54,20880.7,0.63,0.15,
LG헬로비전,유,132.78,190.44,2,적지,-3.47,-7.98,-611.18,7260.93,N/A,0.47,3.7
일진홀딩스,유,10.68,440.35,1.97,-10.3,2.52,2.77,142,5458.81,27.53,0.72,26.89
코오롱글로벌,유,333.17,491.85,1.92,-97.96,0.09,0.4,118.32,29612.53,97.62,0.39,15.07
두산밥캣,유,21.21,5873.29,1.9,28.54,3.88,4.87,1456.99,29866.47,34.59,1.69,29.51
NAVER,유,35.19,74550.82,1.76,29.69,9.63,13.28,8634.29,75756.18,25.94,2.96,20.8
카카오,유,58.08,16031.6,1.75,-93.66,0.92,1.43,229.57,16149.73,236.53,3.36,30.83
일진다이아,유,14.29,1510.37,1.63,흑전,2.66,3.05,489.89,16103.75,29.86,0.91,78.48
한진중공업홀딩스,유,21.42,111.03,1.61,-12.56,1.18,1.43,146.9,11087.61,21.89,0.29,22.06
경동나비엔,유,68.62,2938.53,1.58,6.03,6.34,10.91,3180.2,30385.33,14.84,1.55,7.63
디와이,유,5.58,1606.66,1.56,0.79,1.58,1.64,132.14,8533.28,44.5,0.69,32.38
미래아이앤지,유,45.27,343.63,1.54,적지,-10.22,-14.58,-333.45,2218.14,N/A,0.63,8.68
삼양패키징,유,71.61,373.54,1.49,99.68,3.84,6.71,1561.64,23677.06,10.12,0.67,7.47
SK텔레콤,유,139.51,35114.88,1.41,21.88,4.12,10.18,4842.73,49069.69,10.35,1.02,4.42
금강공업,유,106.01,995.7,1.26,-18.35,3.29,6.87,724.37,10956.97,7.84,0.52,4.54
대동,유,228.17,1132.27,1.22,-22.36,0.88,3.07,350.57,12068.38,48.55,1.41,14.3
삼화페인트,유,89.12,2155.84,1.2,300.6,3.96,7.6,754.61,11279.22,8.8,0.59,6.81
하이트진로,유,185.25,211.88,1.11,-68.1,0.69,1.89,299.2,16140.86,75.2,1.39,10
NICE평가정보,유,30.25,1115.86,1.08,7.23,12.25,16.37,938.1,6140.68,10.09,1.54,6.6
NICE,유,63.71,1459.56,1.08,흑전,1.52,2.47,186,7876.58,70.86,1.67,20.7
화신,유,105.59,2430.46,1.08,39.45,7.15,14.68,1706.62,12652.3,8.02,1.08,10.67
HD현대인프라코어,유,120.08,778.19,0.87,118.79,12.09,29.55,2298.4,8781.87,3.53,0.92,4.89
이구산업,유,149.27,653.12,0.87,-88.53,0.2,0.52,19.63,3765.6,196.43,1.02,16
삼양통상,유,5.04,2780.19,0.82,74.85,5.06,5.43,7473.55,144009.27,6.5,0.34,7.14
신영와코루,유,10.18,7292.42,0.71,-45.97,1.67,1.9,696.02,36962.08,13.56,0.26,12.4
서울식품,유,164.98,N/A,0.68,적전,-0.81,-2.08,-1.52,70.89,N/A,2.71,21.79
웅진,유,46.3,602.39,0.63,-38.45,3.38,5.08,181.99,3709.67,6.95,0.34,7.08
KCTC,유,147.39,1347.47,0.59,40.22,3.3,8.15,571.3,7237.35,6.82,0.54,5.96
한솔홀딩스,유,4.6,956.47,0.56,-3.64,2.01,2.09,220.24,10564.74,13.03,0.27,7.15
KPX홀딩스,유,2.17,2487.02,0.48,251.41,6.29,6.43,7850.6,129351.22,6.53,0.4,12.63
경방,유,49.49,5606.09,0.46,적지,-0.35,-0.52,-143.66,28530.45,N/A,0.31,5.51
KT,유,101.47,887,0.45,22.81,3.07,6.24,3592.12,59883.54,9.58,0.57,3.52
페이퍼코리아,유,51.67,198.66,0.39,흑전,6.03,16.05,263.74,1493.32,3.42,0.6,9.96
넥센타이어,유,101.06,2960.54,0.37,흑전,3.57,7.18,1104.42,15890.29,7.28,0.51,6.67
삼성제약,유,20.49,131.5,0.24,적지,-23.47,-27.54,-339.14,1062.56,N/A,1.85,N/A
서울가스,유,67.02,3019.85,0.24,4.52,1.01,1.74,3625.06,218389.68,17.05,0.28,9.66
HD현대건설기계,유,70.08,1376.26,0.13,1.6,4.57,8.1,5526.48,73813.15,9.35,0.7,5.52
LF,유,24.15,982.65,0.05,-47.17,4.19,5.32,2814.84,54132.63,4.71,0.25,3.55
삼양사,유,83.46,2479.59,0,63.48,3.79,7.01,8524.92,128979.49,5.23,0.35,7.42
한국앤컴퍼니,유,18.66,5445.65,-0.08,-97.04,0.06,0.07,18.43,27728.26,846.31,0.56,11.42
유진투자증권,유,739.14,82.17,-0.1,308.46,0.19,1.57,155.07,10110.38,22.8,0.35,
삼성에스디에스,유,25.01,15743.24,-0.15,-22.76,5.36,6.74,5292.33,79216.19,32.12,2.15,17.45
LX하우시스,유,171.38,1354.43,-0.29,흑전,1.43,4.03,2888.2,72721.3,15.1,0.6,3.8
키다리스튜디오,유,30.43,1146.49,-0.37,적전,-10.92,-13.61,-913.24,6232.45,N/A,0.88,N/A
롯데렌탈,유,401.11,538.71,-0.37,40.58,1.84,9.66,2993.63,31935.64,9.27,0.87,3.34
한화투자증권,유,660.93,46.76,-0.45,흑전,0.12,0.85,61.77,7337.83,56.34,0.47,
청호ICT,유,27.62,84.85,-0.47,적지,-5.16,-7,-74.04,924.23,N/A,2.69,108.65
조선선재,유,6.36,26407.87,-0.54,23.6,8.65,9.22,10341.01,132539.33,9.52,0.74,10.38
한국토지신탁,유,84.18,269.18,-0.59,-39.02,1.64,2.89,99.99,3691.82,11.75,0.32,
선진,유,103.33,3629.7,-0.6,-42.58,2.6,5.43,992.29,18648.52,6.67,0.35,8.33
삼화왕관,유,74.29,963.42,-0.64,적지,-4.09,-6.97,-3665.21,53171.17,N/A,0.6,6.05
BYC,유,26.91,12572.39,-0.7,-29.99,3.75,4.78,2971.18,63361.93,14.35,0.67,7.42
HDC랩스,유,48.02,2118.41,-0.73,5.04,3.5,5.15,517.62,11092.03,14.39,0.67,10.73
백광산업,유,98.65,858.6,-0.75,-68.87,1.76,3.43,162.67,4793.02,47.89,1.63,12.53
유니온,유,59.45,1585.6,-0.8,흑전,10.86,17.75,1390.28,8427.99,3.98,0.66,23.06
SK증권,유,815.14,173.6,-0.85,-51.93,0.04,0.35,4.48,1368.01,143.1,0.47,
한섬,유,23.1,11489.31,-1.01,-33.54,4.86,6.04,3374.5,57946.56,5.67,0.33,2.72
한진,유,115.82,1872.04,-1.02,-87.06,0.05,0.11,105.38,98601.96,235.82,0.25,10.45
한국주강,유,33.98,499.55,-1.03,44.94,5.41,7.95,220.62,2997.76,13.76,1.01,10.57
미원화학,유,14.04,6428.51,-1.08,34.15,13.95,15.74,9918.8,71364.91,7.18,1,4.08
인팩,유,125.24,2115.77,-1.08,110.87,5.43,12.4,1309.79,11078.83,6.94,0.82,9.83
삼원강재,유,25.25,1116.31,-1.39,27.63,5.56,7.02,415.23,6081.57,7.38,0.5,5.22
CJ대한통운,유,118.49,3154.86,-1.41,4,2.72,6.08,9144.47,162743.23,13.91,0.78,6.81
효성ITX,유,151.86,1134.15,-1.5,-3.35,8.28,21.58,1173.05,6170.77,10.6,2.01,3.57
삼성카드,유,251.7,1287.65,-1.52,-1.67,2.09,7.6,5237.84,73634.18,6.18,0.44,
무림P&P,유,125.46,271.5,-1.58,적전,-1.3,-2.82,-267.91,9287.6,N/A,0.34,11.26
쏘카,유,207.27,6452.9,-1.78,적지,-8.05,-21.06,-1516.19,6552.9,N/A,2.35,11.05
락앤락,유,14.75,1811.77,-1.79,-65.78,2.89,3.28,313.23,10617.77,19.83,0.58,N/A
SK케미칼,유,74.01,1046.64,-1.84,-38.86,2.22,3.72,2155.68,58484.99,31.22,1.15,11.22
롯데쇼핑,유,148.6,6568.65,-1.88,흑전,1.35,3.47,11455.35,333432.63,6.55,0.22,7.87
이연제약,유,99.98,2618.47,-1.93,-59.27,0.61,1.21,161.28,13592.33,102.55,1.22,67.71
코웨이,유,66.72,5396.64,-1.94,-9.18,9.52,16.22,4569.78,30285.62,12.52,1.89,5.09
동방,유,280.61,169.38,-1.95,185.98,4.38,17.77,480.1,2953.68,4.29,0.7,4.63
신성통상,유,136.54,575,-2.03,-3.85,7.11,17.23,542.69,3374.99,4.2,0.68,2.59
DL이앤씨,유,75.37,1826.82,-2.04,-53.5,2.16,3.82,3534.83,96341.1,10.2,0.37,5.16
신라교역,유,24.97,7255.06,-2.05,87.85,4.13,5.13,1839.23,36775.28,4.72,0.24,4.74
대성에너지,유,148.24,1084.62,-2.1,1114.66,1.8,4.62,538.54,11846.19,15.08,0.69,6.35
한미글로벌,유,33.35,2817.49,-2.15,-21.88,5.35,7.49,1025.15,14587.47,20.05,1.41,16.43
쿠쿠홈시스,유,19.19,31610.63,-2.16,-29.3,10.23,12.13,3665.87,31710.63,5.85,0.68,3.3
이마트,유,92.39,7509.52,-2.23,-75.37,1.29,2.48,9283.67,380476.03,8.25,0.2,10.21
다우기술,유,63.46,3044.92,-2.26,24.91,8.18,14.04,2073.83,15724.6,8.63,1.14,13.95
미창석유,유,14.18,4142.42,-2.28,138.11,13.36,15.11,28586.33,212120.93,2.51,0.34,2.43
제일약품,유,152.46,2403.26,-2.32,흑전,0.85,2.08,254.08,12516.31,67.3,1.37,20.04
세아특수강,유,61.25,684.81,-2.35,20.65,2.61,4.17,1607.65,39240.49,8.62,0.35,5.99
E1,유,120.04,5136.07,-2.38,42.56,5.25,11.76,28927.44,261803.51,2.15,0.24,8.03
한솔PNS,유,178.05,318.67,-2.39,적전,-4.13,-10.89,-242.38,2093.36,N/A,0.6,6.65
현대홈쇼핑,유,15.93,2655.38,-2.48,13.66,4.13,4.88,6395.33,137769.02,6.73,0.31,8.49
진양화학,유,53.24,312.26,-2.78,적지,-4.6,-6.45,-128.23,1923.98,N/A,1.46,N/A
HDC현대EP,유,90.54,1586.02,-2.78,-29.68,2.18,4.14,340.28,9090.75,13.4,0.5,5.75
에쓰씨엔지니어링,유,144.34,101.5,-2.8,적전,-6.12,-14.84,-158.7,1007.48,N/A,1.73,N/A
오리엔트바이오,유,13.97,43.54,-2.82,흑전,14.46,16.45,108.54,717.69,5.51,0.83,34.8
녹십자,유,67.44,2108.86,-2.82,-86.67,0.36,0.58,619.48,110443.08,202.59,1.14,29.97
제일기획,유,114.65,3783.69,-2.84,-56.61,2.07,4.15,237.33,7767.38,80.18,2.45,21.16
CJ씨푸드,유,77.52,345.84,-2.85,-40.22,3.1,5.68,122.76,2229.2,23.95,1.32,12.09
광주신세계,유,14.07,10195.26,-2.86,-14.94,5.22,6,6054.67,102952.57,4.96,0.29,2.96
KT&G,유,32.45,849.72,-2.91,-15.47,7.84,10.13,5898.28,67772.3,14.73,1.28,10.64
TBH글로벌,유,74.08,507.39,-2.99,42.31,6.3,11.36,336.37,3036.95,5.27,0.58,3.97
미원상사,유,17.99,5324.21,-3.08,-0.33,15.68,18.79,13203.84,76073.41,12.91,2.24,8.3
한양증권,유,256.85,639.91,-3.15,46.06,2.16,7.4,2648.67,36995.28,3.47,0.25,
삼천리,유,130.41,7192.59,-3.2,250.51,2.06,5.1,17452.18,364629.45,5.44,0.26,2.34
조광페인트,유,106.42,2890.95,-3.23,0.47,0.35,0.74,103.84,14954.75,60.48,0.42,13.94
한국석유,유,72.81,2786.86,-3.28,28.11,4.77,8.27,1117.9,14434.3,10.1,0.78,16.79
셀트리온,유,13.09,8636.12,-3.31,9.46,4.53,5.31,3826.91,87361.17,52.65,2.31,36.35
한샘,유,168.17,2424.72,-3.38,적지,-5.88,-14.11,-2277.68,25247.24,N/A,2.12,22.26
대한제당,유,81.46,993.61,-3.41,17.59,2.45,4.57,247.92,5468.05,12.83,0.58,12.88
보락,유,18.76,307.17,-3.43,-72.05,1.44,1.77,14.32,814.34,91.41,1.61,32.72
LG,유,3.99,1143.89,-3.46,-2.57,7.22,7.5,4480.8,62194.35,19.17,1.38,17.6
한독,유,115.85,5546.4,-3.46,적전,-0.25,-0.54,-156.25,28231.99,N/A,0.51,14.1
신대양제지,유,11.59,2081.75,-3.54,44.69,6.78,7.55,727.55,10908.74,7.72,0.52,5.44
대림B&Co,유,116.66,811.47,-3.61,적지,-1.57,-3.37,-313.57,9114.74,N/A,0.4,8.87
유유제약,유,65.9,437.44,-3.63,적지,-4.3,-6.93,-369.45,5532.37,N/A,0.95,82.28
CS홀딩스,유,4.41,2906.24,-3.67,1.74,1.64,1.71,2508.1,150311.79,24.68,0.41,43.14
한솔테크닉스,유,86.22,106.27,-3.69,167.09,8.03,16.4,1447.61,10313.49,4.79,0.67,8.12
무학,유,17.8,9656.12,-3.69,흑전,10.44,12.67,2247.97,19512.24,2.38,0.27,4.81
CJ제일제당,유,107.14,6761,-3.77,29.13,3,6.35,20953.58,343050.08,15.46,0.94,15.05
LS네트웍스,유,132.31,43.06,-3.81,144.5,0.94,2.21,149.7,7153.17,28.42,0.59,56.18
미래에셋증권,유,807.92,140.19,-3.84,-39.38,0.29,2.56,312.64,12974.2,24.4,0.59,
대교,유,79.01,694.6,-3.88,적지,-18.45,-30,-992.81,3973.02,N/A,0.65,24.54
황금에스티,유,18.64,2888.98,-3.96,-57.85,3.19,3.77,556.79,14944.92,12.84,0.48,12.05
강남제비스코,유,71.6,4036.47,-4,적지,-0.1,-0.16,-66.67,41364.74,N/A,0.5,32.57
KC그린홀딩스,유,53.81,1080.29,-4.13,117.13,2.9,4.15,238.23,5901.46,14.73,0.59,9.39
포스코스틸리온,유,49.25,1083.9,-4.16,84.65,6.08,9.42,5379.42,59195.19,10.52,0.96,8.59
세진중공업,유,133.03,507.75,-4.19,106.25,6.39,15.37,469.96,3338.1,10.12,1.42,7.31
텔코웨어,유,12.6,2823.26,-4.54,38.57,4.12,4.76,549.92,15143.56,18.15,0.66,21.35
웅진씽크빅,유,78.93,534.14,-4.55,적전,-5.12,-8.91,-290.27,3222.72,N/A,0.79,4.31
범양건영,유,94.05,147.04,-4.65,적지,-9.77,-18,-488.3,2470.42,N/A,0.85,N/A
원림,유,15.77,721.69,-4.68,46.79,2.68,3.15,1260.27,41084.38,14.8,0.45,17.16
계룡건설,유,158.33,1587.16,-4.79,-26.67,2.28,5.88,4780.17,84357.76,3.02,0.17,3.88
풍산,유,68.68,1319.19,-4.81,-10.88,4.9,8.21,5577.48,70959.49,7.03,0.55,5.21
신흥,유,16.19,1569.55,-4.82,13.21,7.18,8.7,987.82,11832.87,14.52,1.21,9.77
동아에스티,유,84.36,1466.17,-4.82,91.79,1.47,2.59,1969.51,76805.45,35.08,0.9,12.98
신풍제약,유,30.12,887.31,-4.84,적지,-15.52,-18.44,-975.02,4936.56,N/A,2.74,N/A
LX홀딩스,유,1.96,1196.7,-4.95,-13.26,7,7.11,900.32,12967.01,7.83,0.54,7.96
대한해운,유,112.81,644.7,-5.04,-57.23,1.92,4.08,146.12,3723.5,14.75,0.58,6.97
동성제약,유,188.86,90.45,-5.07,적지,-1.86,-5.02,-79.46,1904.47,N/A,3.02,68.4
휠라홀딩스,유,51.84,853.6,-5.17,-14.76,14.07,21.27,1886.99,9592.91,20.51,4.03,20.78
지역난방공사,유,281.11,3507.6,-5.26,흑전,2.58,10.63,17222.32,180379.82,1.42,0.14,6.97
풍산홀딩스,유,16.77,613.85,-5.31,-8.57,3.11,3.56,1013.07,29643.7,24.67,0.84,17.35
HL홀딩스,유,84.79,1943.94,-5.34,-54.35,2.16,3.98,4277.54,110717.32,7.78,0.3,8.84
백산,유,50.54,1186.61,-5.6,9.98,9.9,15.24,1162.61,8067.05,9.16,1.32,6.72
삼성공조,유,10.77,5704.52,-5.63,0.93,5.1,5.73,1609.93,29022.58,5.43,0.3,15.1
JW홀딩스,유,109.08,455.96,-5.68,적전,-0.24,-0.5,-13.17,2726.52,N/A,1.28,21.38
종근당홀딩스,유,18.42,2932.67,-5.74,-28.95,2.55,3.02,2190.08,75816.87,27.03,0.78,19.91
성보화학,유,24.8,1248.44,-5.75,-36.95,1.36,1.69,114.16,6742.21,25.66,0.43,14.25
일동제약,유,242.4,500.59,-5.77,적지,-11.06,-37.4,-2378.64,6005.86,N/A,3.02,N/A
무림페이퍼,유,207.51,179.13,-5.81,흑전,1.13,3.71,256.19,6978.31,8.94,0.33,11.86
핸즈코퍼레이션,유,167.1,2613.91,-5.84,흑전,3.74,11.14,1120.99,12712.83,2.58,0.23,34.33
자이에스앤디,유,61.52,858.98,-5.87,-76.06,2.35,3.78,362.53,9589.76,13.99,0.53,7.17
케이카,유,135.88,875.12,-5.96,-6.6,5.21,11.8,589.74,4875.59,19.87,2.4,6.87
삼성전기,유,40.88,1454.29,-5.96,-68.66,2.71,3.77,2832.66,77714.47,54.08,1.97,20.76
대영포장,유,26.7,257.15,-6.31,-38.34,3.38,4.64,73.11,1785.77,15.54,0.64,6.36
한솔제지,유,181.3,513.89,-6.36,적전,-0.59,-1.68,-528.43,30694.35,N/A,0.35,9.1
인디에프,유,192.63,5.04,-6.54,적지,-1.39,-4.24,-22.4,525.2,N/A,1.52,15.26
파미셀,유,15.08,168.3,-6.57,-56.69,3.54,4.56,59.62,1341.48,101.82,4.52,88.05
삼성E&A,유,121.57,135.38,-6.6,105.82,12.33,31.58,3232.1,11769.24,8.97,2.46,11.67
TYM,유,111.99,253.25,-6.8,-32.32,8.61,18.77,1480.15,8831.22,3.73,0.63,7.97
삼익THK,유,136.1,1803.52,-6.92,-87,0.47,1.05,101.65,9517.61,106.74,1.14,16.76
삼성출판사,유,18.32,3222.57,-6.94,-46.76,4.29,5.12,875.39,16612.83,22.79,1.2,656.6
미원홀딩스,유,45.49,14476.1,-6.96,-70.52,1.23,1.8,1478.62,82674.58,53.29,0.95,94.76
극동유화,유,101.75,1055.92,-7.07,-0.31,4.92,9.14,503,5779.59,8.63,0.75,9.61
세기상사,유,88.5,873.42,-7.07,적지,-3.04,-5.81,-283.17,4867.11,N/A,1.27,577.86
화인베스틸,유,187.76,290.95,-7.07,적지,-8.28,-21.17,-501.52,2121.38,N/A,0.6,N/A
기신정기,유,9.26,1463.05,-7.1,적지,-3.47,-3.75,-301.17,7815.23,N/A,0.39,9.73
AJ네트웍스,유,261.22,808.1,-7.15,흑전,1.64,6.03,514.49,9395.98,9.68,0.53,4.97
삼성물산,유,52.98,174579.42,-7.32,7.8,3.62,5.74,8358.81,174679.42,15.49,0.74,22.02
이수화학,유,114.62,181.59,-7.32,적전,-12.97,-25.77,-4398.18,14079.74,N/A,0.97,N/A
명신산업,유,6.42,674.02,-7.36,-13.2,6.61,7.57,282.21,3870.11,67.36,4.91,43.75
NPC,유,38.14,1435.27,-7.36,6.39,4.36,6.12,453.82,7676.34,12.27,0.73,5.36
넥스틸,유,45.54,3260.36,-7.38,-34.3,21.29,36.26,5471.82,16801.82,1.31,0.43,1.11
LG생활건강,유,13.95,4989.81,-7.48,406.44,7.98,9.1,21995.24,254490.29,16.14,1.39,17.55
대현,유,18.81,867.65,-7.52,-8.49,7.67,9.25,525.55,5879.49,3.82,0.34,3.16
고려제강,유,15.16,4804.88,-7.54,14.57,3.64,4.29,2068.2,49048.76,9.82,0.41,8.4
유니온머티리얼,유,110.24,275.94,-7.57,적전,-7.55,-14.87,-306.73,1879.71,N/A,1.55,87.1
모나미,유,94.53,292.57,-7.78,적전,-2.92,-5.86,-240.29,3925.71,N/A,0.78,28.02
코오롱인더,유,93.07,1495.89,-7.78,-57.72,0.57,1.14,873.07,79794.25,50.97,0.56,11.72
태림포장,유,108.63,787.19,-7.9,-57.35,0.51,1,43.68,4435.95,55.18,0.54,13.21
SK네트웍스,유,144.86,222.91,-7.92,390.67,0.6,1.48,120.34,8879.45,47.78,0.65,18.71
대원전선,유,132.29,170.75,-7.92,609.91,4.1,9.95,128.88,1353.74,8.98,0.85,7.07
DS단석,유,136.79,5891.54,-8.07,96.73,7.38,21.17,8755.54,47564.58,33.01,6.08,21.72
동일제강,유,16.96,1426.28,-8.1,적전,-1.76,-2.03,-155.65,7631.42,N/A,0.24,17.62
화천기공,유,32.05,2744.48,-8.31,-79.58,1.63,2.18,3122.62,142224.21,10.14,0.22,14.79
두산,유,62.19,2498.41,-8.37,적전,-2.25,-3.6,-5224.46,150150.75,N/A,0.63,44.74
호전실업,유,48.5,2520.79,-8.38,20.78,9.71,15.86,2388.57,16844.25,3.32,0.47,3.78
한국수출포장,유,20.89,1377.28,-8.54,-5.74,5.46,6.66,471.35,7386.42,6.29,0.4,4.1
부국증권,유,138.94,1051.34,-8.64,-0.35,2.92,6.62,3410.43,57567.13,6.36,0.38,
율촌화학,유,122.08,1940.83,-8.64,적지,-2.47,-5.16,-652.9,12159.72,N/A,2.61,71.07
현대제철,유,72.34,2738.82,-8.69,-62.43,1.1,1.95,2730.36,141940.79,13.37,0.26,5.3
부국철강,유,17.84,1224.59,-8.72,-48.97,2.34,2.8,181.24,6622.97,23.45,0.64,31.71
유니퀘스트,유,112.48,1771.96,-8.72,-1.78,5.9,12.3,1066.91,9870.03,5.7,0.62,4.79
이월드,유,79.22,66.58,-8.85,적전,-2.21,-3.92,-66.59,1665.76,N/A,1.04,22.42
KPX케미칼,유,23.76,2397.46,-8.93,132.34,9.49,11.99,14141.25,124872.9,3.08,0.35,2.93
동일고무벨트,유,65.46,3063.63,-8.95,8.43,2.82,4.81,747.87,15818.17,8.29,0.39,4.29
CJ,유,14.28,1577.24,-8.99,3.49,3.35,3.9,3108.99,84204.95,30.36,1.12,25.5
아주스틸,유,236.21,1521.97,-8.99,적전,-6.09,-17.35,-1488.91,8109.84,N/A,0.88,N/A
SK디스커버리,유,62.45,902.42,-9.03,-74.18,2.46,3.89,2060.61,54886.13,19.02,0.71,27.73
영원무역,유,35.27,8027.48,-9.03,24.22,11.77,15.05,5724.68,40637.42,7.97,1.12,8.53
신일전자,유,53.36,134.87,-9.09,1.45,0.76,1.29,14.88,1174.34,126.45,1.6,37.41
잇츠한불,유,1.69,3419.69,-9.16,흑전,0.52,0.53,93.05,17598.47,131.65,0.7,N/A
디씨엠,유,14.08,4209.93,-9.29,적전,-3.52,-4.05,-903.69,22683.84,N/A,0.49,11.88
흥아해운,유,95.23,25.82,-9.41,52.24,7.22,15.22,88.28,629.08,28.32,3.97,18
현대글로비스,유,84.68,34553.38,-9.42,-29.73,7.21,13.76,11331.78,86633.45,8.45,1.11,4.82
아이마켓코리아,유,135.74,2082.3,-9.57,-66.09,1.45,3.25,368.14,11859.57,23.33,0.72,7.49
STX,유,416.17,N/A,-9.57,적지,-14,-90.82,-1803.07,2479.7,N/A,5.11,N/A
메타케어,유,7.73,43.45,-9.64,적지,-5.72,-6.79,-48.71,717.24,N/A,0.56,18.9
태경산업,유,25.73,1072.1,-9.72,-73.33,0.69,0.88,51.6,5860.5,127.13,1.12,N/A
제이에스코퍼레이션,유,118.56,17681.17,-9.74,162.29,13.14,25.97,3989.01,17781.17,4.33,0.97,7.1
고려아연,유,15.78,8358.16,-9.78,-14.92,5.78,6.81,29021.14,422908.06,17.16,1.18,11.26
영보화학,유,7.36,1517.08,-9.99,23.44,1.73,1.85,148.25,8085.42,25.36,0.47,9.22
WISCOM,유,9.7,1339.76,-9.99,흑전,0.04,0.04,3.23,7198.82,804.14,0.36,63.69
쌍방울,유,23.84,N/A,-10.18,적지,-17.72,-21.41,-4302.99,17937.72,N/A,0.75,47.62
LX세미콘,유,23.57,11798.67,-10.28,-57.8,7.85,10.18,5983.44,59493.33,14.51,1.46,9.16
영흥,유,78.45,506.9,-10.39,적지,-1.75,-3.3,-63.19,3034.5,N/A,0.19,20.22
성창기업지주,유,17.4,888.2,-10.57,1083.02,0.73,0.86,41.79,5100.27,46.42,0.38,157.76
KG스틸,유,67.84,227.26,-10.57,-64.31,6.28,10.84,1879.15,18161.95,4.74,0.49,4.53
TCC스틸,유,148.27,655.75,-10.58,적전,-2.31,-5.76,-408.24,7557.5,N/A,7.78,120.94
녹십자홀딩스,유,68.25,2459.26,-10.58,40.11,2.06,3.44,455.87,13730.13,35.87,1.19,52.39
방림,유,13.91,874.47,-10.62,적전,-1.79,-2.1,-97.77,4872.33,N/A,0.44,39.72
동원시스템즈,유,98.83,402.13,-10.87,-12.68,3.64,7.19,1765.87,25106.61,19.54,1.37,10.2
대한화섬,유,20.05,10866.99,-10.91,-68.81,1.23,1.46,7852.4,548349.44,13.46,0.19,38.78
더블유게임즈,유,9.59,8069.84,-10.91,흑전,8.15,9.05,2789.28,34917.53,14.44,1.15,13.82
교보증권,유,634.11,228.04,-10.94,-9.93,0.39,2.95,621.34,16402.16,7.97,0.3,
진도,유,15.62,1625.14,-11.11,-3.96,3.46,4.15,352.27,8625.72,5.78,0.24,5.48
퍼시스,유,10.75,4204.9,-11.17,549.95,11.14,12.5,5623.62,53530.54,5.42,0.57,8.43
한솔케미칼,유,44.05,1325.32,-11.25,-0.46,11.75,17.2,10611.73,71265.76,21.39,3.19,18.75
아세아제지,유,10.53,1581.88,-11.28,-0.41,8.08,9.01,1444.53,16818.75,5.71,0.49,4.16
한농화성,유,46,1987.97,-11.29,44.66,5.36,7.87,792.94,10439.83,19.89,1.51,29.87
SGC에너지,유,146.55,780.23,-11.31,-50.66,2.48,6.37,2777.51,44829.18,9.83,0.61,6.23
코리안리,유,263.55,4054.57,-11.65,-6.28,2.5,9.46,1475.64,17632.34,4.11,0.34,
엔케이,유,16.74,347.18,-11.76,1695.23,41.42,49.74,858.31,2235.89,1.17,0.45,N/A
대구백화점,유,68.68,409.56,-11.78,적지,-5.7,-9.03,-2119.19,25477.84,N/A,0.36,N/A
LG화학,유,67.08,5113.38,-11.88,-92.41,0.68,1.1,2914.19,260669.19,171.23,1.91,34.37
태광산업,유,17.62,58851.72,-11.92,적지,-3.64,-4.26,-124120.49,2947586.15,N/A,0.21,N/A
일동홀딩스,유,61.37,1534.13,-11.98,적전,-1.34,-2.15,-347.4,16341.31,N/A,0.64,83.61
효성화학,유,234.5,3261.42,-12.05,적지,-8.79,-30.94,-53863.36,168070.84,N/A,0.51,37.96
대림통상,유,116.56,364.9,-12.1,적전,-6.18,-12.41,-662.74,5015.4,N/A,0.59,N/A
경인양행,유,96.12,829.45,-12.11,적전,-4.67,-8.93,-435.97,4647.27,N/A,0.83,24.98
DN오토모티브,유,143.88,13617.26,-12.29,-27.19,1.68,4.1,551.77,13717.26,26.53,1.07,20.18
포스코인터내셔널,유,132.91,516.64,-12.37,53.37,5.81,14.47,3598.38,30831.98,17.34,2.02,11.21
롯데지주,유,97.74,31536.91,-12.37,적전,-0.62,-1.2,-546.7,63273.82,N/A,0.43,49.01
대원화성,유,129.4,160.39,-12.47,적지,-7.51,-16.1,-223.94,1301.93,N/A,1.52,N/A
사조씨푸드,유,46.91,1165.31,-12.48,적전,-6.89,-10.11,-1341.08,12653.1,N/A,0.29,N/A
삼아알미늄,유,58.5,3367.24,-12.49,-84.65,1,1.76,240.11,17336.22,443.13,6.14,103.37
동서,유,4.1,3156.95,-12.7,-13.58,8.85,9.24,1454.94,16284.77,12.51,1.12,42.55
코오롱ENP,유,28.15,630.77,-12.73,-15.36,7.74,10.73,753.46,7307.72,10.39,1.07,6.28
한국타이어앤테크놀로지,유,20.05,8806.28,-12.87,155,10.07,12.91,5422.32,44531.41,8.37,1.02,32.39
휴비스,유,175.28,56.83,-13.04,적지,-14.14,-32.72,-2874.89,7841.56,N/A,0.53,N/A
그린케미칼,유,67.3,925.96,-13.1,16.71,1.68,2.76,139.58,5129.8,48.15,1.31,12.81
대창단조,유,9.87,1550.89,-13.14,-5.25,12,13.99,1049.47,8254.46,5.81,0.74,5.23
동일산업,유,10.75,3269.85,-13.35,적전,-1.36,-1.52,-2500.45,168492.45,N/A,0.28,N/A
삼일씨엔에스,유,30.59,1992.36,-13.58,적지,-0.17,-0.24,-50.59,20923.62,N/A,0.21,12.44
영풍,유,39.13,18655.98,-13.77,적지,-1.77,-2.47,-23357.16,937798.99,N/A,0.55,N/A
동남합성,유,88.29,1581.04,-13.79,-42.62,6.28,11.69,1688.41,15012.01,20.14,2.26,10.15
삼화전기,유,66.38,916.3,-13.84,-45.57,5.44,9.39,916.12,10162.97,19.01,1.71,11.99
경동인베스트,유,0.4,2498.18,-13.87,흑전,0.83,0.83,1042.98,129908.81,64.91,0.52,91.91
DI동일,유,45.28,3865.48,-14.16,-48.8,1.53,2.22,410.14,20476.12,71.32,1.43,251.29
SG세계물산,유,22.25,147.54,-14.19,-82.01,0.21,0.26,3.2,1237.71,141.45,0.37,26.44
솔루스첨단소재,유,25.3,14366.16,-14.28,478.48,34.96,43.28,2105.56,5892.89,6.29,2.25,47.81
SBS,유,60.16,692.11,-14.42,-73.78,2.63,4.39,1728.99,39605.65,16.92,0.74,10.35
덕성,유,43.71,980.28,-14.54,16.73,4.86,7.03,345.92,5401.41,22.72,1.46,23.22
교촌에프앤비,유,76.39,1201.32,-14.62,497.21,5.72,9.94,631.92,6552.36,11.76,1.13,7.24
화천기계,유,21.78,1150.56,-14.68,-78.42,0.47,0.58,34.91,6252.8,110.85,0.62,40
TKG휴켐스,유,30,2082.59,-14.82,55.55,13.24,17.04,3296.29,21825.95,6.52,0.99,6.03
한국가스공사,유,648.26,1491.45,-14.85,적전,-1.56,-11.62,-9546.06,79572.56,N/A,0.31,18.31
문배철강,유,25.95,1717.34,-14.87,-29.21,8.46,10.55,905.21,9086.7,3.45,0.34,N/A
우신시스템,유,139.49,1172.87,-14.9,89.53,6.8,14.01,779.48,6364.33,11.34,1.39,8.93
한국철강,유,14.17,1818.72,-14.95,-20.48,7.1,8.26,1606.12,20814.4,4.1,0.32,2.84
깨끗한나라,유,216.51,425.79,-14.97,적지,-4.97,-14.83,-839.83,5257.87,N/A,0.46,26.22
LX인터내셔널,유,71.52,1117.18,-15,-78.19,2.97,4.98,2974.21,60858.77,9.88,0.48,130.03
아모레퍼시픽,유,11.05,13928.36,-15.13,-59.47,1.4,1.54,1080.12,70141.81,134.24,2.07,37.64
SHD,유,65.35,743.96,-15.14,-98.98,0.13,0.21,90.79,42197.93,232.95,0.5,24.59
동인기연,유,50.3,21878.48,-15.38,-23.01,11.58,23.7,4298.42,21978.48,4.94,0.97,5.48
서원,유,99.2,422.37,-15.42,적전,-3.96,-7.81,-213.99,2611.83,N/A,0.52,74.52
우성,유,15.18,949.66,-15.42,-17.25,0.18,0.21,106.35,52482.97,186.47,0.38,67.27
하이스틸,유,78.34,1378.6,-15.68,-92.21,0.21,0.4,29.34,7393.01,111.97,0.44,14.08
인터지스,유,62.42,1558.01,-15.8,-33.44,4.35,7.23,567.24,8290.06,4.18,0.29,4.4
태원물산,유,29.1,683,-15.9,적지,-0.23,-0.28,-10.85,3915,N/A,1.26,N/A
대성산업,유,70.08,154.76,-15.94,적전,-0.88,-1.5,-191.42,12737.76,N/A,0.28,24.57
대양금속,유,54.54,287.57,-16.08,적전,-14,-28.39,-766.02,1937.85,N/A,0.58,9.69
S-Oil,유,138.21,2996.61,-16.1,-55.13,4.6,10.79,8094.3,77415.4,8.6,0.9,5.75
신원,유,157.9,398.65,-16.23,-62.65,1.24,3.07,66.38,2493.27,21.47,0.57,10.18
두산퓨얼셀,유,108.88,6167.2,-16.42,적전,-0.81,-1.64,-103.86,6267.2,N/A,3.7,116.01
우진플라임,유,202.97,955.18,-16.45,-71.15,2,5.82,301.8,5275.92,10.06,0.58,9.55
대성홀딩스,유,40.4,1919.51,-16.51,573.19,59.37,87.64,16594.47,20195.12,0.6,0.5,N/A
한일철강,유,91.33,1180.27,-16.88,적지,-0.09,-0.17,-10.77,6401.34,N/A,0.37,16.06
엠씨넥스,유,44.79,3697,-16.9,-25.6,3.06,4.5,827.32,18984.98,36.56,1.59,31.16
효성티앤씨,유,83.87,3972.42,-16.99,-66.88,5.83,11.22,22172.49,203621,16.46,1.79,11.89
씨아이테크,유,35.81,84.12,-17,적전,-10.35,-14.65,-132.46,920.59,N/A,1.6,N/A
키움증권,유,914.69,2951.95,-17.01,-31.38,0.82,8.11,11650.12,152597.7,8.54,0.65,
신세계인터내셔날,유,53.85,1991.5,-17.02,-37.93,4.87,7.61,1555.91,20915.01,11.76,0.87,8.85
삼영,유,46.8,310.81,-17.03,589.68,18.96,31.41,548.04,2054.06,8.25,2.2,16.35
진원생명과학,유,18.16,57,-17.1,적지,-38.51,-45.36,-902.23,1570.02,N/A,1.81,N/A
넷마블,유,40,60858.84,-17.18,흑전,3.3,4.82,2715.24,60958.84,21.4,0.95,N/A
조일알미늄,유,104.25,202.27,-17.18,적전,-0.04,-0.07,-1.06,1511.35,N/A,1.38,25.89
서흥,유,74.66,5430.82,-17.2,-76.65,0.97,1.67,462.99,29088.3,61.99,0.99,17.06
롯데케미칼,유,63.4,5952.8,-17.33,흑전,1.03,1.66,4855.88,302640.17,31.55,0.51,41.03
애경케미칼,유,52.66,2802.19,-17.42,-48.39,2.72,4.15,597.3,14510.97,25.7,1.06,13.3
금호석유,유,37.88,1842.73,-17.51,-46.37,6.98,9.47,9411.77,103043.7,14.12,1.29,11.7
일신방직,유,13.21,4789.5,-17.61,적전,-1.82,-2.17,-542.4,25203.6,N/A,0.35,N/A
SKC,유,68.27,985.57,-17.87,적전,-0.18,-0.3,-145.45,54278.42,N/A,1.67,149.3
LG디스플레이,유,423.31,217.57,-17.9,적지,-5.83,-26.38,-4512.39,14916.73,N/A,0.79,N/A
만호제강,유,14.37,4427.75,-17.98,적지,-19.23,-22.06,-10687.88,45277.53,N/A,0.99,N/A
TP,유,155.57,838.39,-17.99,-87.94,0.4,1.05,49.97,4854.02,43.52,0.45,12.94
시디즈,유,46.58,6743.52,-18.11,11.9,2.91,4.08,1304.28,34217.61,22.16,0.84,12.02
이아이디,유,34.17,281.87,-18.33,적지,-35.57,-64.85,-540.33,763.73,N/A,1.82,N/A
현대비앤지스틸,유,59.83,538.89,-18.42,적전,-3.78,-6.11,-2015.54,31944.64,N/A,0.46,N/A
대덕,유,0.47,2885.12,-18.45,흑전,3.1,3.11,463.63,14925.61,13.78,0.43,22.06
유니드,유,33.73,1851.84,-18.52,-70.03,2.85,4.3,4118.46,97592.01,16.46,0.69,9.37
광전자,유,8.69,757.62,-18.57,-98.49,0.08,0.09,3.52,4288.08,593.45,0.49,43.12
DSR제강,유,34.73,2611.08,-18.62,-55.25,4.96,6.84,898.87,13555.41,4.65,0.31,2.28
수산중공업,유,30.03,354.06,-18.83,82.28,6.21,8.98,200.54,2270.31,10.52,0.93,19.81
국보,유,218.81,N/A,-18.88,적지,-39.71,-96.87,-2694.05,2100.84,N/A,1.1,N/A
SH에너지화학,유,34.35,61.54,-18.92,적전,-2.72,-3.64,-29.58,810.15,N/A,0.79,N/A
세아홀딩스,유,18.88,4794.94,-18.98,-89.42,0.63,0.74,1798.57,244746.87,60.05,0.44,26.09
SK바이오사이언스,유,8.68,4342.06,-19.1,-80.15,1.22,1.42,317.86,22210.3,226.52,3.24,222.7
휴스틸,유,34.84,1417.31,-19.25,20.87,9.75,13.17,1852.03,15173.11,2.69,0.33,3.71
신성이엔지,유,131.67,105.81,-19.36,697.48,7.93,20.02,177.77,1030.17,11.48,1.98,47.06
KEC,유,35.51,247.64,-19.39,적전,-8.53,-12.06,-221.24,1738.21,N/A,0.9,N/A
SK디앤디,유,178.43,3084.09,-19.41,44.37,5.23,14.57,4412.59,31840.94,3.79,0.53,6.41
성문전자,유,58.83,192.93,-19.46,적전,-5.24,-8.43,-109.66,1464.66,N/A,1.03,242.5
삼성전자,유,32.06,24945.6,-19.58,-0.09,9.12,11.7,3738.9,33092.7,21,2.37,32.47
한익스프레스,유,499.85,1052.97,-19.67,적전,-4.01,-20.31,-1330.56,5764.86,N/A,1.14,10.36
SIMPAC,유,68.64,1613.17,-19.75,-66.76,1.9,3.04,241.43,8565.85,16.28,0.46,30.08
테이팩스,유,45.28,2420.36,-20.1,-62.37,5.63,8.28,1632.52,20076.15,17.67,1.44,11.46
샘표,유,3.1,7669.95,-20.32,-41.6,2.98,3.07,2109.72,77699.52,23.46,0.64,29.06
삼영무역,유,8.78,4199.04,-20.38,3.93,8.57,9.35,1892.38,21495.21,6.55,0.58,39.5
대창,유,143.87,382.12,-20.4,적전,-3.13,-7.72,-184.36,2410.59,N/A,0.53,N/A
현대차증권,유,764.03,555.36,-20.81,-32.6,0.53,4.35,1394.29,32767.71,6.16,0.26,
금양,유,284.96,465.41,-20.85,적지,-15.02,-51.66,-1133.51,2827.03,N/A,38.63,N/A
케이씨,유,10.14,8836.98,-20.89,-46.45,3.95,4.4,1852.41,44684.9,9.94,0.41,7.14
알루코,유,79.59,398.56,-20.9,적전,-0.18,-0.36,-8.76,2492.78,N/A,1.23,39.35
삼영전자,유,1.16,4692.5,-21.06,-28.01,2.75,2.8,665.33,23962.48,12.88,0.36,18.4
한화솔루션,유,111.84,779.88,-21.14,적전,-1.85,-3.82,-1779.22,44812.65,N/A,0.88,31.98
코리아써키트,유,104.14,2846.08,-21.15,적전,-5.31,-10.44,-1633.18,14730.38,N/A,1.36,22.28
해성디에스,유,29.64,512.53,-21.16,-43.44,13.72,18.69,5319.88,30626.66,10.41,1.81,6.26
GS글로벌,유,138.3,85.84,-21.27,57.54,6.99,19.1,809.35,4645.97,3.15,0.55,3.99
PI첨단소재,유,64.47,2044.76,-21.27,적전,-0.35,-0.55,-61.15,10723.81,N/A,2.84,39.31
IHQ,유,31.99,3528.58,-21.58,흑전,16.58,35.42,4787.09,17388.8,2.25,0.62,52.09
태경비케이,유,37.58,1124.84,-21.73,-5.38,7.8,11.16,655.48,6124.21,10.15,1.09,6.46
롯데하이마트,유,89.69,974.61,-21.78,적지,-1.46,-2.78,-1498.19,53730.36,N/A,0.19,6.29
경동도시가스,유,126.8,2736.01,-21.94,28,2.99,7.42,5099.99,70900.3,3.81,0.27,2.09
동원수산,유,112.38,95.82,-22.04,적전,-15.18,-29.4,-3451.74,9791.21,N/A,0.73,N/A
SUN&L,유,115.81,1730.71,-22.13,적지,-34.54,-75.36,-13311.49,18307.13,N/A,0.14,N/A
아이에스동서,유,131.84,10203.1,-22.17,-1.19,5.54,12.74,6093.21,51515.52,4.75,0.56,5.36
한세실업,유,57.22,3254.53,-22.72,-1.34,9.82,16.91,2572.33,16772.66,8.18,1.26,6.07
조비,유,126.81,101.41,-22.78,적전,-7.27,-15.89,-1740.49,10070.4,N/A,1.39,N/A
DSR,유,37.24,2376.9,-22.8,-26.01,5.16,7.42,889.44,12384.49,4.86,0.35,3.73
HS효성첨단소재,유,74.13,3606.41,-22.85,-25.16,11.37,20.31,35508.12,185320.5,11.25,2.16,14.64
국도화학,유,63.01,1814.76,-22.86,-60.22,2.97,4.82,4375.58,95738.14,9.36,0.43,9.74
하나금융지주,유,30.8,1181.2,-23.01,48.8,6.77,8.97,5738.52,65787.73,7.56,0.66,
대한방직,유,38.19,2961.6,-23.1,적지,-2.24,-3.3,-808.3,30615.99,N/A,0.27,N/A
KH 필룩스,유,3.44,941.42,-23.44,적지,-0.94,-1.17,-225.34,26127.05,N/A,0.25,N/A
삼화전자,유,115.52,66.22,-23.58,적지,-9.92,-25.76,-440.5,1662.23,N/A,2.53,2079.95
대유플러스,유,완전잠식,N/A,-23.86,적지,-101.54,완전잠식,-77976.31,-57333.3,N/A,N/A,N/A
코아스,유,605.24,N/A,-23.89,적지,-9.81,-52.07,-2248.13,3143.24,N/A,1.99,N/A
한화생명,유,908.1,183.5,-24.02,-22.41,0.53,4.54,709.55,14174.76,3.99,0.2,
전방,유,24.88,2405.14,-24.13,적전,-6.86,-9.29,-11079.04,125257.21,N/A,0.18,N/A
케이씨텍,유,10.46,4335.89,-24.14,-42.76,6.45,7.22,1519.57,22179.43,17.64,1.21,11.67
SK가스,유,113.05,5035.94,-24.2,37.6,7.38,16.71,40087.68,256797.11,3.69,0.58,6.4
온타이드,유,39.76,183.39,-24.6,흑전,1.64,2.35,28.76,1259.1,27.09,0.62,10.63
삼성생명,유,644.71,39538.09,-24.74,14.91,0.51,3.81,6914.51,198190.47,9.99,0.35,
이화산업,유,36.77,393.57,-24.81,적전,-2.14,-2.92,-733.01,24678.3,N/A,0.61,N/A
동성케미컬,유,52.16,600.67,-24.88,19,3.21,4.71,324.67,7006.7,13.86,0.64,11.2
드림텍,유,39.76,3738.46,-25.01,-88.49,1.66,2.4,94.17,4000.08,137.94,3.25,46.34
영풍제지,유,60.95,416.74,-25.48,적전,-1.43,-2.22,-60.24,2712.32,N/A,1.03,35.76
대한제강,유,22.4,3306.58,-25.55,-43.95,7.58,9.81,2928.37,35858.76,4.41,0.36,3.48
윌비스,유,85.3,97.17,-25.76,적전,-10.85,-19.57,-427.35,2137.24,N/A,0.3,66.53
일신석재,유,72.55,48.02,-26.46,-29.19,1.55,2.96,21.46,740.09,50.69,1.47,14.31
화승인더,유,85.43,717.6,-26.57,-45.92,3.3,6.27,219.25,4088.02,15.76,0.85,13.25
남해화학,유,53.28,942.36,-26.69,-74.79,1.43,2.33,240.08,10423.56,30.82,0.71,13.31
써니전자,유,1.84,319.68,-26.84,-23.55,4.86,5.01,110.51,2207.01,21.4,1.07,60.87
SK하이닉스,유,70.49,1452.66,-27.03,적전,-5.24,-8.43,-6643.07,78009.24,N/A,1.81,30.82
코스모화학,유,96.16,560.57,-27.66,적전,-7.65,-15.56,-937.76,6605.69,N/A,5.9,N/A
일진하이솔루스,유,7.11,1639.89,-27.81,-79.99,0.41,0.45,38.81,8699.43,678.89,3.03,N/A
롯데정밀화학,유,13.5,1595.71,-28.25,-56.96,6.68,7.77,6447.66,84785.61,9,0.68,5.08
효성,유,16.07,2308.73,-28.9,-80.5,0.1,0.11,132.67,120436.52,367.55,0.4,87.68
DGB금융지주,유,32.54,302.09,-29.5,21.86,4.14,5.54,1082.36,20104.38,7.84,0.42,
체시스,유,125.4,110.25,-29.71,1286.19,4.37,10.19,104.87,1051.24,18.48,1.84,12.16
하이트론,유,289.85,N/A,-30.35,적지,-40.86,-136.62,-388.95,263.27,N/A,4.27,N/A
대덕전자,유,29.8,3272.69,-30.51,-86.33,2.1,2.82,472.73,16863.43,57.22,1.6,9.94
송원산업,유,50.53,5263.07,-30.77,-85.78,1.67,2.72,728.04,26815.33,22.47,0.61,11.8
미원에스씨,유,15.3,14912,-31.07,-65.79,5.36,6.21,4723.75,79081.6,29.09,1.74,14.2
아남전자,유,36.7,139.55,-32.08,-49.18,4.76,6.91,91.52,1381.25,23.82,1.58,33.13
후성,유,91.22,449.25,-32.1,적전,-18.54,-31.54,-1008.99,2685.23,N/A,4.36,70.77
티웨이홀딩스,유,29.3,198.51,-32.22,-91.56,2.14,2.75,40.9,1492.53,11.44,0.31,N/A
엔씨소프트,유,31.65,35283.88,-32.76,-55.8,4.69,6.24,9227.15,176919.42,26.06,1.36,24.22
팬오션,유,66.3,771,-33.14,-64.59,3.17,5.27,448.1,8710.04,8.34,0.43,4.08
비에이치,유,32.49,2520.23,-33.23,-64.21,3.88,5.21,589.51,13101.14,35.88,1.61,25.19
LS,유,32.2,2709.02,-33.27,-47.8,5.68,7.5,9971.02,140451.18,9.35,0.66,7.93
부광약품,유,60.62,827.17,-34.24,적전,-4.33,-6.4,-268.67,4749.43,N/A,1.28,N/A
남성,유,93.42,514.48,-34.61,적전,-4.69,-8.9,-280.22,3072.38,N/A,0.73,423.99
주연테크,유,23.79,236.07,-34.74,적지,-8.96,-11.29,-74.96,672.13,N/A,0.85,N/A
선도전기,유,367.69,110.17,-35.1,적지,-12.28,-48.56,-639.25,1050.83,N/A,2.85,N/A
넥센,유,12.57,2257.86,-35.5,6.45,4.51,5.17,581.66,11789.28,7.16,0.35,5.63
성안머티리얼스,유,371.58,N/A,-35.67,적지,-27.75,-120.76,-529.19,404.55,N/A,4.03,N/A
DB하이텍,유,15.63,730.62,-36.31,-54.1,12.33,15.18,5733,41531.01,10.22,1.41,6.69
한국전자홀딩스,유,6.16,532.3,-36.49,적전,-3.53,-3.67,-113.14,3161.51,N/A,0.29,N/A
대동전자,유,10.31,4266.44,-37.45,48.85,14.17,15.6,3002.18,21832.2,2.1,0.29,N/A
삼익악기,유,55.49,367.12,-38.58,30.51,1.44,2.21,47.23,2335.61,23.08,0.47,19.71
한솔로지스틱스,유,86.76,395.24,-39.19,32.41,6.29,13.31,330.05,2583.65,7.42,0.95,9.2
인바이오젠,유,1.76,2909.09,-40.1,흑전,12.87,14.9,1502.15,15045.45,6.22,0.62,N/A
아센디오,유,84.04,N/A,-44.77,적지,-42.41,-88.08,-274.84,254.63,N/A,3.49,N/A
메타랩스,유,4.29,15.18,-48.18,적지,-6.88,-7.38,-220.37,2879.5,N/A,0.77,N/A
HD현대에너지솔루션,유,34.92,560.66,-48.97,적전,-1.38,-2.11,-710.18,33032.78,N/A,0.85,12.7
호텔신라,유,349.5,213.04,-49.54,흑전,1.66,7.56,969.61,15652.16,67.45,4.18,31.04
LS에코에너지,유,0.51,1728.7,-50.03,적전,-1.49,-1.53,-141.21,9143.48,N/A,2.29,200.01
DL,유,17.35,2141.75,-50.33,-44.24,2.25,2.67,3624.5,137334.95,14.18,0.37,14.22
한미반도체,유,25.62,4553.45,-51.51,200.92,45.78,56.1,2786.48,6079.27,22.14,10.15,130.09
HMM,유,18.85,521.28,-55.34,-91.6,4.01,4.87,1728.12,31064.11,11.33,0.63,9.53
씨에스윈드,유,44,4106.04,-56,흑전,1.08,1.49,298.12,21030.22,235.47,3.34,73.75
DRB동일,유,27.06,1967.03,-57.97,흑전,3.06,3.98,399.68,10335.16,14.64,0.57,36.15
미래에셋생명,유,1033.95,231.62,-63.03,1.24,0.37,3.57,630.86,16581.1,7.55,0.29,
미래산업,유,34.93,395.3,-63.93,적전,-28.35,-39.28,-1045.31,2476.49,N/A,0.77,N/A
SK스퀘어,유,8.33,49075.43,-69.96,적전,-4.23,-4.44,-2230.36,50056.1,N/A,1.05,74.77
다올투자증권,유,499.22,85.16,-70.45,70.28,2,11.99,1198.38,10620.68,3.25,0.37,
아모레G,유,1.01,4700.42,-72.17,-79.37,1.53,1.55,348.79,24002.11,83.86,1.22,138.61
일진디스플,유,343.72,N/A,-81.89,적지,-17.13,-68.13,-387.71,488.27,N/A,2.8,N/A
바이오노트,유,1.27,1838.2,-82.14,적전,-0.75,-0.77,-77.06,9690.98,N/A,0.44,N/A
카프로,유,완전잠식,N/A,-82.3,적지,-18.92,-3002.99,-6138.68,-2916.51,N/A,N/A,N/A
POSCO홀딩스,유,8.73,10138.23,-83.07,흑전,1.56,1.69,9454.49,583999.11,52.83,0.86,37.74
화승엔터프라이즈,유,3.47,1108.44,-85.83,-54.9,1.27,1.33,80.14,6042.18,105.94,1.41,N/A
참엔지니어링,유,98.81,N/A,-87.27,적지,-21.23,-44.77,-295.86,474.41,N/A,0.87,N/A
웰바이오텍,유,35.79,N/A,-88.09,적지,-161.12,-211.75,-709.05,355.87,N/A,3.39,N/A
에스디바이오센서,유,2.36,4538.37,-89.66,적전,-10.96,-11.61,-2929.14,23192,N/A,0.49,N/A
세아베스틸지주,유,16.01,588.07,-91.53,흑전,1.63,1.89,797.68,42077.84,31.15,0.59,26.24
한화갤러리아,유,105.56,751.79,,,,,-152.01,4258.96,N/A,0.32,10.12
코오롱모빌리티그룹,유,56.07,657.34,,,,,384.51,3786.71,7.87,0.8,5.63
동국씨엠,유,77.9,543.85,,,,,338.25,32192.59,20.99,0.22,8.21
OCI,유,102.38,2557.64,,,,,7019.77,132881.99,15.86,0.84,11.99
STX그린로지스,유,142.89,74.6,,,,,200.43,4364.96,61.52,2.82,23.16
동국제강,유,105.17,594.33,,,,,2865.88,34716.59,4.2,0.35,3.97
이수스페셜티케미컬,유,129.46,260.12,,,,,-223.69,3601.18,N/A,8.78,N/A
조선내화,유,110.1,2950.03,,,,,1791.32,15250.14,11.86,1.39,10.84
현대그린푸드,유,37.9,3580.77,,,,,1267.09,18403.85,9.06,0.62,4.4
